item_id_A,item_id_B
373667,111371
283841,104363
284061,97049
2197801,105375
2194605,101439
2196900,952181
2258536,953590
283315,101410
379133,96243
2194273,1086904
2756033,90566
1942013,104914
2071079,1703225
2387025,100389
2387195,102701
1947754,951722
1945567,105610
1916436,953078
2071084,102836
2065368,2026632
1931987,951994
2065926,1882662
1942029,1091809
2387247,103617
2051552,98008
1943448,951999
1925946,93094
1940221,92551
1925941,92288
2065880,1088176
2392617,92553
2773290,2139115
1946804,95189
1941725,954950
1925949,92459
2070310,92345
1946492,1088987
1925930,1088184
2070305,1088194
1925950,92701
1946796,95125
1925931,93088
1946810,95142
2069010,92195
2068671,92209
1914787,954095
1924218,92595
1933016,96750
1914954,94525
2201959,2683738
2198054,97072
1927023,97128
2260461,99545
1944767,954124
1932977,97620
1912201,98184
1924204,1866136
1925277,105244
2065404,958194
2127651,953300
1933019,104990
1922210,94096
1914970,94529
2077811,1884030
2202221,94817
1926731,95270
1939436,95292
1927599,93693
1927587,954536
1925558,953988
1922216,94214
2053277,1090307
2267474,2682257
2747779,2682258
2274413,2683974
2753711,2682600
2272527,2683966
1923460,1092037
2790713,951939
2198064,2683695
2054128,99692
1931978,95969
1941155,101788
1947177,99463
1939594,105888
2053037,958088
1933034,95948
2683121,92602
1941183,952594
1933454,952739
1915459,95706
1932970,105213
1915628,102306
2068758,93089
2231016,106891
1912198,98184
2051536,97398
1921448,96450
1920186,1089476
1943206,101744
2052525,953928
1915666,98494
2065025,99292
2053706,95908
600254,952830
1923225,1089590
2273889,1091942
1925943,93114
1937836,97116
1915651,97231
2386172,950621
2273824,1091797
2381904,113241
1919742,113842
1935329,950965
2194798,2685672
284521,950706
2103964,113153
2755086,2139116
2194810,2682353
366298,1088646
600210,950822
1940965,111686
2074671,95722
2775075,2143156
2791119,2139914
2273268,93580
2104571,2137853
2070642,1089504
284475,104921
1941771,99496
2052692,101117
1933485,1092009
2052584,101413
1924265,104393
283229,96914
2051298,1090226
1917102,103917
2194607,101550
363055,100468
1925108,100327
2385527,2130732
1942460,103507
1925969,954083
1925974,954080
599598,100533
599672,95601
283706,98021
599871,95562
284811,1086250
1915877,958662
1917516,97285
283227,104145
1944313,1089049
1939833,102962
283178,952762
1917481,98578
379088,97059
2194586,105566
2273232,2683959
584460,1090320
600176,93626
2791149,105144
1935316,114861
365890,948957
2064520,2012190
1932360,1091268
1932268,109866
1941782,114541
1918568,98669
2201362,97125
599708,109866
283476,950344
1935318,113874
284478,950344
600298,108534
600454,110793
2080130,949236
2759012,2684893
2055947,95486
1917570,102544
2071025,1087813
1942007,102643
1941870,97415
1942003,103388
1941200,951810
2112479,1855958
2077125,1083198
2055724,105902
1950703,96686
2267193,111505
1916843,1088532
284106,105472
366946,104090
1912834,103510
1935322,113908
1946801,93766
1946577,100492
283322,96447
2790831,948922
2084713,109919
1932261,109866
2194676,100987
373515,98249
2793517,99852
2067212,104957
2102810,102142
2273790,2159263
2068041,105406
1943147,91619
2052496,104735
2386946,100389
2052635,101414
2393239,2146615
2387060,102714
1923801,952465
1923771,952465
379324,1089611
2052520,952728
2071148,100389
1916434,952305
2052521,952988
2111280,1090429
2053773,95797
379173,952767
1939593,105631
1923235,104149
1933502,952997
599617,91831
2114597,1090228
1921515,953768
1925107,100320
283107,93144
2051523,104240
2055160,91984
2088518,94674
2749299,2685982
2068142,954003
2082783,97737
2267432,1888795
1918569,98669
2202775,98210
2065802,103222
2077176,95000
2082786,105309
1920192,1089505
1938525,98862
1913073,98696
283927,95933
283143,96081
2050870,106123
2068605,93852
284856,96514
2068154,93247
2065273,1090839
2387619,94424
2070331,92437
2067301,1084145
2052424,955202
2052250,1083219
1940083,91583
2386176,106701
584470,1090317
2773289,1088933
2383379,1088584
284297,113908
1915637,95173
2060044,100444
1915879,91422
2067720,102526
2082002,93719
2088913,102082
1923454,104923
2081822,102602
283461,112163
2082166,1090346
2757060,2682256
2088924,952823
2065772,98048
2087423,101381
1939938,949689
1944942,99589
1922251,95070
2086572,2028222
2080636,108398
2126969,108294
1938160,98789
2199583,101811
2079980,950453
2197683,2030594
2385272,113118
2068252,106000
2052432,952988
1916826,106736
2067036,91515
1941755,951780
1920193,103319
2385278,106599
373288,104331
2110321,99589
2052483,2008259
2056814,1894603
1942014,104560
2056228,1086275
2257741,1883969
2257798,1883969
1935071,953315
2060392,1083334
2258211,98269
2258440,94841
2258638,1087445
1924450,100383
1919101,97706
2678957,103986
2386883,105283
1937530,1091941
1919106,1087808
2258300,1090433
2273663,950837
2199257,102034
2387089,1087802
1943143,93778
2380734,96740
2115164,98032
2773319,97998
1937543,1091942
1916352,102661
2199629,93801
379344,100324
584339,99204
2068162,94817
1947614,1083235
283794,952514
1952054,104695
284253,104407
1932186,93685
1933538,93936
1922218,94847
1920851,96503
1922256,94851
1916030,92712
2070407,104321
1932293,1088610
1938192,104195
1943123,2018603
1948029,93525
2772774,951153
2682850,99734
2195882,104350
2086303,108389
1935105,98989
2386776,105119
2678614,1086579
1947690,100034
2678715,103608
2068737,104957
1933544,93933
1916333,952017
362222,2683895
1942282,102647
2052938,1090767
1924492,91371
1945497,100894
2075791,2144444
2060548,100419
1916346,105053
1943456,103885
284973,100443
2060053,97312
2199661,104647
2252001,952423
2121085,105065
2078867,99345
2087420,96709
1939894,1100468
1916321,101699
1947713,96339
2052610,102056
2387748,98032
1949766,101021
2380527,1088667
1919316,1090621
2065994,952003
2203108,957284
1922193,93570
1935171,1088569
2063905,106355
1925582,95753
1925168,102922
1937862,1088803
2103960,107175
2065811,1090330
2258135,1089602
2197682,1163200
2678662,96839
2773192,103723
1932517,114238
1914567,952767
1932434,96649
1912714,101072
2273791,2683740
2202898,2682254
2773248,105096
2267631,97620
1916079,951187
1916439,2139832
1939892,2045339
2070563,1092154
2069930,100569
1946799,93992
2267093,107196
2258134,2683615
2060119,98769
1947714,1094404
2052265,1089438
1918433,99338
1948050,93489
1925042,100006
1924942,952830
1923973,952027
2245901,952423
2060370,105716
1912814,103504
2385491,106617
284380,103110
283035,96183
373481,951928
2683091,2146613
284429,104820
1931989,100269
374679,101415
363103,100477
2794167,98490
2794171,97701
363492,104695
283332,103642
283228,958511
1942024,100651
365443,952266
2749274,105781
2749276,97618
599940,100417
600125,103200
284977,1091460
2051287,951746
366791,92553
1952034,953055
1920345,952152
2258242,102152
1925970,954083
283130,98479
2060207,951685
1940220,92093
1922201,94106
284387,99749
1942790,93764
2774589,1089019
599692,93860
2073236,2144444
1935104,98508
2759145,2139102
1925344,94837
1946802,93440
1925338,93987
2194278,1086902
1918873,1086981
1927203,104280
284206,1090512
2791150,101023
2268672,89737
283163,952003
1920564,1726412
600023,99670
2065598,2130404
1915441,95602
369851,97018
283166,95908
1924844,95632
2110322,99670
599604,94239
1915216,952261
2076687,95237
2117936,100378
2117640,104295
2115354,107684
356530,1089463
362537,95742
1933504,100422
285027,98410
2119179,2031061
2121327,954936
600124,1089463
584289,95276
1917096,97486
2794299,100182
367542,98405
1922905,957973
372123,105083
2123835,108294
1923777,97710
379374,96719
2056644,102727
1941970,104472
2103067,97997
1925621,113011
1915872,958661
1913185,1091543
2051817,97049
1925040,100006
1939937,949397
2051832,105040
2052164,98431
1920339,100432
1950414,99321
1950332,952979
2065904,96936
2077205,93696
2089724,102025
2089616,104666
2069144,2019989
1924802,100606
1938091,1088187
2065101,953331
2053517,2012734
2055690,2025648
2104356,99346
2056480,101954
2065174,1091741
2051691,103740
2087623,952080
2105928,93215
2074669,1089593
1942011,97756
1932389,1088644
1947596,91319
1933032,100399
2074656,1089430
1925074,100046
1923279,100890
2053742,98983
1923233,952574
1941175,103246
1920190,103716
1935434,102504
1940081,101273
1923268,105545
366923,958157
2068289,101353
1923272,104165
1917095,104232
1932003,104752
2251839,952423
1933467,952981
1919097,1091972
1923275,951742
1918792,100276
2055631,99179
1933475,952986
1918780,97778
1933491,952981
1931851,96575
2053703,952492
1933462,952989
1933501,952997
1916100,100226
1916320,952600
2084882,99630
2260395,100276
2773174,97193
2383228,951748
2071535,1090769
1942004,105174
1913066,98695
374861,105335
2052862,104810
1946299,93020
365138,94755
1950691,104024
1924836,101702
1924846,101956
1943333,100091
1932222,101686
2202125,95862
1949828,100047
2272559,102966
2120226,1952591
2051973,2685888
2052022,105270
1951486,97329
2079332,102697
2055429,953187
1924835,101868
1943318,103723
1918951,97480
1950796,953514
2124682,98762
2273927,1088099
2273951,96027
1951112,2159259
1950699,96414
1949658,102285
1949020,104245
2051236,2026632
2197671,97055
2202142,952447
1950683,99486
2274027,92545
1925580,101188
1931971,99649
1939165,952230
1943329,103906
2052556,951771
1923778,102714
2066152,952836
1917119,95617
2065028,97181
1932005,98825
1939181,95486
2052657,101409
2052577,101412
1934743,97408
2779975,2682212
1925669,103813
2066457,2008260
1951072,102355
2196335,2159825
363498,103648
2196630,1087011
363730,97073
363731,105877
2274441,1090755
1952244,959570
2051305,103196
2077916,98184
2258136,2683614
1933495,952981
1940090,953642
1931853,97755
1926789,96574
2268516,2682556
2055689,952781
2268546,2683571
2268569,96660
2051098,94050
2272522,105245
2774599,1092019
1914598,99312
366963,2037287
376471,101905
2260433,2044918
2115129,98095
368383,105514
368420,105809
285154,110241
1915026,96493
1922733,98837
2092688,109866
2052559,101413
2052579,96861
1938542,97951
1925715,104627
370849,102278
2066680,95253
370840,98059
1937834,2045767
372527,104770
372783,98305
1950589,105545
373208,103507
1938528,98860
1912199,98184
2194662,2137883
2194388,1086901
284693,99326
599945,950113
2112177,100299
2774634,1090869
2089967,97117
2202146,2026629
1946814,2028196
2380649,2137852
1915741,1088580
366920,949072
362608,1088580
2089746,103543
2062845,112265
2089703,103927
2089830,104724
2074298,106355
2055546,96977
2118972,954830
1922244,95022
2089610,952464
1947089,955038
2074655,1089439
1925361,103879
1949962,102869
1916815,98167
2385039,103879
2212241,949244
1923251,952398
1923273,952736
283230,98479
1916006,953773
2122358,1087555
1948048,93605
1944766,95049
1922237,95110
2380809,89612
1922253,95373
1922208,95104
2052057,2683693
1922249,94845
1925533,94883
1926490,954201
1926489,95293
1914906,94551
2755087,2139114
1934531,93369
1925964,1858046
1946493,1088987
1946805,93767
1933537,93936
2258399,954228
2066677,954377
1916698,1703511
1946022,95277
1922258,94848
2257936,1089000
1946976,99451
2380678,1091816
2218018,98110
2198047,104851
1935317,113874
2110843,105082
2067076,951715
2091005,100251
1926798,1089606
374958,1086901
2194477,1720958
284732,949796
1949961,96576
2052613,98521
2194642,95030
1943396,103865
2052672,952983
2084919,96528
2089001,94198
1920169,952586
2753697,96740
1949968,1086970
2053186,103986
2110168,1086388
2258599,953590
2051267,2682604
1926204,99743
1926195,99684
1919214,1090530
1919215,1090536
1915231,952288
1915217,2145224
2126968,107226
584362,106062
2682874,103608
2682907,96384
2121408,952662
1918924,952431
1932304,1088556
2049833,950958
2775086,98478
1916866,109109
1947739,97624
1947720,107315
2775116,958604
1935272,110994
2384776,105095
2274136,2685667
2194811,2682354
1927187,97800
2064747,950453
1945933,108376
1926438,948559
1932324,1163165
2194813,2685406
2194769,2685671
2201578,2685404
2274141,2685665
2682076,949606
2386056,951168
2049744,108329
1927472,2034550
1932339,1163162
1935312,108092
1944886,99152
1924345,103628
1942754,949058
599707,106123
2386564,96495
2386644,102687
1939333,111089
1939332,111089
1939331,111089
1926305,97662
2051294,1091783
2055664,103196
374317,98443
2052437,953930
2055535,953163
2258488,2025365
2073989,949613
1914592,100451
2063589,949278
1947175,102357
2387084,98490
2387183,98487
2066672,93473
1925156,1090338
1937529,1091941
1925562,94486
1924947,952810
1924945,952869
2053748,96764
2119288,98450
1916706,1703512
1927585,2011571
1915635,95173
2051427,103617
1915027,96596
1923971,2037287
2055411,2026631
2055408,2026632
2058583,108424
1938673,108022
1921578,1719493
2387405,103786
1915477,953067
2050276,1163162
2077366,953143
1932265,949288
1932256,949945
2077683,1087367
2194808,113899
2070351,2128539
1935307,948394
1940089,953653
1916854,2685455
2274139,2685666
2273266,93548
2118761,96750
1948585,115456
2748480,2139109
2671254,2682300
2387835,102922
1924849,106006
2054438,103495
2753763,93067
1945496,98907
2091690,949945
284019,952435
1931735,103554
2083591,103510
367540,101558
370013,102010
2194749,2685670
363540,101749
1922775,949828
1943350,104705
283996,96137
284056,96999
283574,97059
1925001,101558
1926770,96552
2052503,95907
363510,97538
2051253,104265
283265,952680
2382900,108298
1921265,101524
1931975,102891
2066228,2024957
1941986,103066
2070827,1089980
379277,100321
2089822,104836
2269087,952446
1923224,104165
284235,104246
2082174,104363
2065970,96055
284619,98356
2082984,99816
1924814,104060
2052511,103922
283550,953930
2065555,101273
1923789,103108
284428,104828
2054704,104908
1945573,105650
2052542,952978
2052508,952988
2194075,953849
2052489,953128
2052593,101411
1941767,953930
2068905,100524
1941973,103234
2780393,2682214
1948510,2041564
2106014,1089463
2082695,952449
2105976,952446
283359,1084076
1918785,95560
2067397,99321
1943212,103694
1931724,101791
1914585,1089981
2087128,97416
283090,104991
283940,96738
2082878,103674
2089634,104666
2067935,103855
1912835,103510
1939834,102962
379313,105976
2082717,952447
600342,97113
2089645,98131
2082342,1088900
2082347,1088898
2082710,97055
2080900,92470
2080697,88188
584349,99541
1924838,96371
600010,99541
1923284,952587
2383432,113637
2065023,104028
1912943,105121
1925115,100319
2111121,952040
369627,105424
2052582,97108
1920955,103473
283833,95849
1945500,953839
1941280,114459
1916438,105512
1915381,103323
2052453,100321
1942022,104517
379326,952979
1925111,951867
284712,103370
362397,99685
1919314,1090622
1919294,97065
2778244,101009
2082388,99204
1918236,1086273
284807,102318
600305,1090634
2082852,954936
2386959,1720970
2055759,1089599
2258121,2682329
370195,100073
1951174,102608
1925116,100319
283167,95726
2387500,954793
1916440,97380
2082391,99205
283144,96489
379252,102594
379325,952982
1920855,96503
370742,98897
2090881,98769
2090922,100416
2091043,98563
2194801,2685672
2080160,949055
2080020,949236
2080062,112426
2252657,113506
2080164,114498
2196961,2683987
2196957,97126
2196958,1091524
2196959,1091808
2132483,2026631
2055648,2011433
2198059,104505
2121091,1088859
2384725,113153
2383574,2012602
2068200,1100247
283341,104416
1920791,952202
2382554,98001
600034,952446
2078510,96607
1933709,104924
1947712,96339
2078860,99346
2392374,96339
1942459,104945
1947178,99463
362437,112429
2194919,2682365
2203111,2685664
369468,107145
1915724,1088584
584413,2685664
2203107,2685664
371011,1867012
1948159,107942
2778589,95458
362164,2012602
1927175,105228
376336,953488
2050856,106150
2778623,2683642
1940104,102275
284966,103539
1935321,113921
2194748,2685668
2194816,2682352
2194782,2682358
2194818,2682351
1932260,951153
1933710,98577
1918517,1725338
2757956,96899
1945501,953834
2050406,1891248
2055013,1087347
284635,105054
2194068,1087043
1917113,958110
2052652,101408
1925080,100375
379198,104812
2052678,952984
1941763,98523
2052573,98523
599643,101687
364711,1866123
1942951,95976
2073182,100419
2202814,96528
2117433,94925
1916340,98007
2091027,100267
1943133,102063
2200256,2009189
2753644,103723
2273988,104901
1923282,1091952
368606,103261
2051416,103071
1928386,105181
2065377,1087717
2194089,100322
2078020,952978
1928382,98508
2387566,97231
2392713,102889
1946013,95084
2383643,951685
1937844,93434
1946576,101280
2268102,95228
2252110,97520
1925972,1858045
2758892,2139103
1947914,94238
1927579,95095
2380733,96956
1922197,93636
2196694,2136673
2067139,1092015
2772162,103961
2273318,1163178
1920306,94623
1941097,102871
1932994,102071
2203993,2682313
1917955,952902
2068320,98092
1935028,105756
2066290,101016
1944933,99597
1918222,99455
1935435,97883
2200507,103726
1944943,2683896
1938135,97996
1941161,102871
1923276,104131
2110279,98097
2093914,98034
1913541,958515
1925664,98280
2753772,93053
1938133,97988
2051039,104485
2052113,98430
2051467,953211
2065992,952003
2051838,2683841
1946807,94236
1917941,952971
1931816,100206
2066199,94494
2089828,2156675
1917368,1083197
1915809,91410
2071666,102779
1922242,95034
2052007,103826
2113089,107014
364641,111299
2058574,108426
2778983,1090059
2055688,2025650
2055668,2025651
2386011,111089
2380750,1090001
2085892,112870
2685727,2683965
2204668,109372
2385530,100890
2194746,2685669
2773295,954311
2067297,104078
2678657,96839
2679155,107226
2054658,103217
2067293,95704
2673270,1083173
2127196,96503
2773179,96839
2257800,1883971
2197673,104393
2200152,105541
2208066,110592
2775129,1089016
2386596,105264
2386661,951709
2067776,99240
2127499,105799
2067945,104594
2067198,96852
2196955,96627
2682914,96839
2269508,1091489
2753696,953926
2066172,104965
2759199,949945
2780378,2683906
2111971,93802
2200128,2683812
2258452,1089996
2220011,1090005
2755085,2139113
2387149,100389
2049599,107393
2385962,108284
2392031,114037
2392026,949887
2194061,103046
2755028,2682248
2113621,103495
2196351,1089978
2223465,97737
2230879,109167
2065944,101039
356579,952199
2202781,95697
2229670,112079
2111278,99776
2204116,104553
2252593,112953
1924832,95921
1941974,103234
2074802,2684409
2219690,1703494
2131644,1867857
2131646,2683976
2052669,953003
2119497,99813
2131409,1087555
2122577,953655
2131986,954892
2131168,96875
2131718,95280
2120230,952674
1922915,94640
2132415,1090965
1921654,101879
1918226,105432
379083,101447
363601,101606
283272,98652
2051281,958116
2074578,952251
283554,95666
1925742,952494
1920322,2682324
1948519,2045632
1948523,2683759
1923896,104744
1914571,103220
1939235,1865643
2055595,96977
1942461,95697
2194037,2682562
2077925,2021672
1946601,1725323
2076766,2044918
2198099,2682326
2066038,2682508
2198100,2683769
2198096,2682323
2268096,2683828
2262902,2682311
1939242,1865642
2772537,97618
2772538,105788
2054470,953163
1920342,100090
1915028,101953
1918224,1086273
1948521,100671
1920344,957310
1948506,951921
1915077,102575
1920340,104246
1920338,2683769
362431,952569
1921449,96450
2051319,98110
2051331,1091205
1948524,2041561
1920343,953536
285001,952003
1948522,2042089
2103136,2683629
600406,952446
1918223,2683679
2678821,953164
2051293,100608
1946599,952245
1946597,951976
1915025,96493
2051612,98426
2065416,953266
361682,950531
2089911,99816
2080935,99205
2086325,95052
1939797,100692
1943580,103737
1941977,105170
1912356,102903
1912832,1090384
2089396,97740
1913582,952674
1921320,98448
2071495,101888
1931995,104607
1915178,100431
1941919,1089576
2115302,97117
2055950,1090422
2392553,98648
1939209,98467
2387044,102714
2258027,2682227
366447,95519
2671311,98490
1915180,100433
2110841,102678
1931977,102891
2066132,952834
1941202,105660
1931990,100265
1931985,99998
1923772,98648
1942001,96192
1915385,102727
1942035,103741
1931984,99999
1931986,100000
1933457,103474
1943132,98645
1931981,99633
1923802,1089598
2387199,98490
1924803,100657
2070823,958500
1925104,100299
2052534,101414
2103255,1091076
2052463,1090059
1924813,97033
2052529,101407
1952287,101410
1950125,102444
2074945,97076
1941754,98521
1941774,104907
1945984,100631
2094472,98473
1925086,100322
2052502,103816
2068911,1089605
379302,100375
2055939,98487
356539,98488
2052533,104210
2052691,952987
2052621,100263
2196943,2683987
1941773,98521
600338,1089570
2052627,97758
2055991,98478
2052518,956833
2071132,98475
2755040,98478
1945912,105780
1923786,1859119
1949963,102869
2070261,1703514
369882,1083417
2194110,2683802
2220140,94525
2260474,98410
1926732,95270
2077833,93859
2203769,952530
2680588,1092029
2090876,97662
1925339,94282
2755084,2139117
283339,104485
2383576,97800
2054701,99657
2387671,1087315
1925387,1086976
2220076,952970
2220077,105643
1927265,99727
1912449,2682251
1915229,952300
1923466,1092037
1927229,105248
2107147,98096
2051928,1086258
2115163,98095
2068684,95459
2054850,104305
2094161,96355
2392924,102922
1925094,100569
1925675,96732
1941612,99931
1944931,99669
1944929,99584
1949770,104202
2052051,952652
1944939,96937
2054443,95548
1941178,104538
1935431,96012
2070102,954348
284631,102875
1923763,97701
1937594,1086204
1941179,102708
1943205,99075
284843,97922
1931860,103129
2052603,102228
2052622,103911
374218,98469
1923249,953947
1923769,97701
2197698,958088
2383521,2682248
2066469,100732
1939191,100072
2199192,953143
2087418,100937
1912824,1090633
2070631,953162
2196791,1719498
1923768,958162
2196678,1086918
2051885,951909
361434,953212
2071697,953202
1949831,1854370
2062643,2685466
2195221,112226
2052101,2685887
1944932,99586
2200705,94604
1937854,2125185
1924840,96775
2068802,2682557
2194103,101162
2052132,102800
2065662,98350
2068875,102455
1918917,952717
2065663,99269
1925685,104632
1946806,93768
1918787,104523
1913070,100427
1919321,1090620
2196873,93576
1920298,953972
1947022,93830
1913068,98693
2054746,97771
2067400,97151
2054739,104730
2111987,92242
1925346,105498
1921528,953722
1933493,100468
1943135,98644
1939146,101011
1918794,100301
1923757,95519
1918793,100232
1933484,952989
2258069,1089488
2274019,92029
2068251,96259
1939605,95551
1923534,92781
2068264,106000
1918363,952823
1943395,103141
1947181,104620
1924341,101353
1945490,98901
2053695,953545
1915799,958666
2052699,91330
2052659,1083238
2077121,93881
1925036,100081
2202218,94965
2076827,2683842
1947358,954350
283420,1090649
1915024,100184
2260817,2684174
363525,104022
1938134,953344
2386742,96335
2073159,100456
1946554,1090852
1927252,101587
2052661,97090
2052668,103705
2052507,100282
2052513,97132
1931974,103655
1924810,102155
363851,102701
2066470,101454
1924805,102162
2273783,95617
1923804,97702
1941772,99496
1923791,953864
1913537,105041
600044,953856
1925087,100326
2051328,98487
2671298,100362
1942002,952521
1941768,953930
1941753,952946
2052561,101415
2065380,95617
600358,98490
1942015,951811
2052523,958167
2052497,958168
2052683,952226
1916435,952306
2105343,96164
362202,105104
373749,95838
363871,953472
370920,97472
364916,97409
374030,95907
2110317,952652
2110339,2682556
2110356,95758
1912982,105073
1912983,105070
1913222,101610
1915720,950552
1917568,953472
2080637,112746
1920321,2682324
1935440,1868789
2111994,102841
2671205,952953
1923532,91884
2112095,93861
1925101,100325
1927199,1726441
2119377,93162
1928156,1088922
1916314,951917
2115252,100651
1931848,96586
2116450,100378
361660,950552
2117112,1170904
2117445,103806
1939149,952266
2119121,951187
2119182,2031061
2118711,97655
2119575,97039
1944709,2683590
2120208,953918
2120232,952674
2120601,104028
1949959,102869
2121336,93272
1951908,104393
379314,97096
2123121,94826
2197717,101586
1946293,1087568
2671207,2683888
2671275,98490
2070830,958496
2066486,951742
2671349,1953524
2259155,1873560
2385718,100541
2673181,1090445
2118767,2683621
2051306,953830
2258495,94456
2671352,1089596
2055719,100232
2065175,1091739
2127500,103158
2078775,953686
2392389,105176
2091032,1083338
2055549,98652
2068136,93971
2068186,93827
372403,100139
2070629,1090066
2111127,96629
2117431,1872700
2071919,104024
2197712,101585
2202037,2683639
2272406,93944
2197753,93770
2077863,95105
2671062,106116
379067,952446
2083197,952981
2071133,1087811
2747751,98648
2270604,951669
2270605,951667
2393269,951742
2116017,93563
2104737,100276
2094192,1089643
2124812,1092034
2113571,93653
2104678,105746
2196894,1088987
2110084,113751
2089801,98665
2112557,101408
2111642,952464
2119340,105372
2116426,953144
2119321,104022
2119748,109866
2122283,98266
2088928,951680
2112447,949072
2067515,93535
2383825,98618
2393301,2684409
2393246,2682215
379345,100263
283589,94590
2204126,108424
2198091,2682306
379358,105152
2194094,951780
584315,99551
361539,2136667
371999,105083
2053250,1087274
2074951,101376
2074933,105707
2076930,1087112
2089945,100563
364873,95687
366379,106126
371833,1092149
374816,104659
379084,1090433
2071934,103307
1917289,112226
1946556,952030
2052504,2020675
379218,100678
379310,958592
386076,97125
600460,104563
2113114,109780
2121407,100070
374135,104218
2056459,105409
2115269,1091940
362301,1891248
368142,103864
2387075,952465
371993,104210
374036,104695
375918,98341
379203,952077
584504,108284
372418,100919
2054742,1091809
2068667,92499
2269610,952133
2116074,952674
2119500,105737
2119574,101159
2258025,101216
371829,95677
374035,104364
2218378,97586
2202776,105097
2065777,102375
1932390,1088621
2271643,948557
2218379,103761
2116066,1090631
2055394,1089630
2273960,101215
2086621,108302
2093488,952027
2105557,97736
284415,102451
364401,97409
375871,104393
2124328,114739
2059590,96339
2069157,1089349
2090051,2035752
2103141,101483
2111622,1910632
2113550,1170883
2089643,105301
2082705,96808
362364,112437
2272621,2684614
363801,102064
370947,104523
584540,114125
599736,1086970
2201648,104405
1932630,1847175
2087105,92903
2092894,101548
2104808,951502
2116225,113390
2194070,105371
364186,2683665
366052,112926
366843,957284
2200366,97219
2105320,93186
1920569,97326
1924319,105109
2052434,101413
2073884,108095
2107194,1090235
2115063,2034550
2118802,1090509
2089608,97113
2118364,958158
370073,99505
371665,101408
365694,109919
373340,102209
600336,94956
2113909,1854368
2092758,953123
2383731,1088580
2671348,952611
2053285,2012706
2055118,1892276
2258397,93594
2673122,1089234
2671347,952613
2078719,1100470
2258502,94022
2089402,100565
2092892,101552
2092893,101550
2117273,1090755
2118782,103236
2120237,98105
2204072,957284
379366,103333
600122,1146372
2674297,95754
2071317,1088180
2080929,1864960
2114548,108534
2119659,97719
361927,1088580
375231,104851
1915400,93859
1920318,100090
1938670,112872
2052663,2137853
2065176,1091741
2110746,113751
2115355,107684
2116987,108375
373366,1090066
379363,101415
600288,99670
1925061,96047
2053259,2012732
2053288,2015010
2077859,1088989
2111129,2685895
2117957,101380
2121524,956794
2131762,950361
361570,950552
367002,97067
599966,95948
373027,102455
284269,1850107
1913175,101417
1918774,94477
1932295,1088611
1932394,1088643
1951911,104695
2069174,1089318
2094190,1090737
2124172,103879
361954,1086231
362967,1088580
363405,113513
379327,952982
584562,114125
600430,101791
957912,102962
1917323,112228
2053521,2014956
2070508,2028446
2081693,1090416
2092888,953950
283625,954210
362742,100221
383399,101316
1920171,2683598
2064697,109780
2074670,96006
2074918,958517
2077437,1087128
2103176,1090066
2115232,101159
2119370,97408
284410,92905
356479,101974
362124,111213
368589,1089632
375933,1089455
1910850,950385
1911261,95907
1920326,102770
1941692,92768
2056441,103457
2093670,97336
2123117,96216
373679,1884037
375551,96493
379217,2029570
599888,952464
600199,103094
600313,2031061
1946300,92376
2053340,1087361
2077891,954708
2105977,952447
2107223,1094250
2122230,104253
362764,102875
363934,1087575
365373,95676
366383,98684
369077,105129
375316,102375
584433,104325
599925,106123
1925113,959549
1944909,1086217
2070726,103334
2074932,102594
2094055,958136
2113915,97313
2115351,114417
2116444,104621
372006,952655
379338,97758
600202,103094
1931982,958184
1932570,101603
1948503,958602
2069269,97632
2091693,109866
2092731,955631
2117222,954390
2120216,104607
2120783,952676
2124191,102998
2124670,1088856
2127671,1087115
2132440,948489
302117,92679
369667,98170
371537,104899
374894,948842
376257,1087011
1923246,104165
2071464,96843
2103963,113244
2110736,1088584
2111973,1895475
2115237,2029571
362297,950552
362824,950531
366488,103521
372115,1726383
379267,103087
379463,95458
584368,114125
599968,101410
1911079,99176
1917945,1091752
1932331,1088557
2053345,2012719
2116323,105920
2117851,949050
2119940,98275
2120941,97532
371796,101454
379347,105710
584420,100416
584443,948084
1915395,94086
1932628,1847176
1947021,94655
2068703,92540
2104721,958601
2113137,957310
2116053,1087810
2117287,93520
2120160,97328
361530,98546
362776,952261
369067,96139
374543,952261
374917,102375
375841,95525
1932336,1163159
1932627,1847177
1948626,953874
2065810,103385
2077966,1858041
2110859,2048697
2111276,958117
2114077,958158
2118399,952983
284404,105850
373881,97039
374626,100432
379308,103301
1932364,1088646
2051995,1086218
2052675,2020672
2065170,1091739
2076953,2012716
2084662,2683979
2087939,952979
2091641,948833
2110122,1088584
2113181,952284
2114767,1864035
2120316,951437
362757,104899
366523,102135
374954,103864
1919698,954041
1951910,104851
2078122,94913
2092887,101549
2116038,956424
363058,96626
379296,101292
599693,97285
1920269,100324
1921640,955171
1923267,105545
2052473,2020674
2068137,94883
2115241,100080
2117900,1086389
379125,103094
600404,949069
1915891,103845
1932528,2683603
2052309,1087352
2053314,2015007
2065771,95864
2103033,1083185
2110365,1089978
2115235,1089486
2121663,108026
2124683,1725666
283145,92061
361542,1091805
365895,95676
369427,105116
600204,103094
1924162,1087550
1951821,1094404
2059591,96339
2074666,101930
2091026,100280
2120618,102392
2122451,1090059
2123700,108415
356509,104491
361858,93114
361928,1088580
366398,102962
379340,102071
379365,952447
584495,103301
600050,103917
1916437,1726383
1917324,112198
1941983,951808
1943553,102329
2065920,1090068
2070689,98921
2089378,1087404
2089653,104746
2117956,101414
2120798,100375
2127762,1092034
2387282,104738
2110340,958194
2258496,94982
2065714,2043399
1927224,1087395
2387738,103618
2088680,103929
283895,96756
1916490,102009
2067765,100363
284706,103370
2067989,103072
2077133,94087
2066173,104965
2067749,99731
1941758,953930
2065112,97135
2075738,99368
1933512,96528
2748479,2139100
2748481,93991
1917618,105636
2201304,103872
1917574,953477
283263,97428
2051246,2026631
2070708,101201
2107203,98921
1946297,92062
2119689,93860
2111173,952654
2114060,95201
2196793,953925
2053121,2028454
2384871,1083170
2258919,1100459
2384881,91441
2384883,1089439
2384885,91299
1925030,100092
2064469,2034550
1920986,114331
2272198,952423
2095880,106193
2748302,2683865
2749361,101683
2749287,104612
1932323,1163164
2118849,101814
2072050,105302
2386515,97329
2386665,951709
2682896,102873
2386687,96794
2386689,1100464
2094503,98408
2103309,1866382
2386733,1090767
2072074,953533
2071923,2031061
2386963,102714
2387012,102875
2117426,100898
2393254,101750
600171,103350
2220130,1091972
2273800,1091458
2071185,952240
2196951,96627
1918921,951842
1913209,101388
2196946,2130733
2196804,1091458
2070648,953161
2197834,953252
2074904,2024953
2065927,1883977
2070824,958153
2196952,951995
1932558,1090737
2258237,2137841
1925741,953359
2116418,92941
1924215,92941
1943477,1087568
1946295,1087552
1924216,92595
2116056,2684057
2251803,2684058
2119379,92272
2251804,2684057
1944309,1088966
1924250,92896
2070260,95337
2123164,954584
2070125,93859
2119371,93861
2070144,93860
2680586,2682599
1935620,93612
2077823,1090651
1914943,1088881
1918571,97652
2118346,102327
2387722,2028188
1939629,97977
2066401,2685885
2198114,1953948
2077374,951671
1941170,951818
2196842,1089461
2197641,102941
2077831,93722
2197636,103057
2055663,2011433
1935027,96309
2088490,93996
1935035,104083
2196774,2683591
2273987,101586
2196956,1091524
2196942,1091526
2196850,101586
1946797,2028208
1946798,2028205
2068752,92534
2068607,93946
1914586,1089981
2065788,102439
1915514,92141
2068559,93260
1947604,1083239
1925531,94987
2065862,1090877
2077047,93727
1914478,2682168
1938680,952393
2067295,101456
2067655,101862
284270,100729
2068950,94926
1931743,96989
2067963,1084131
1918914,95878
1933116,93745
1950094,102009
2067230,94923
1935032,96244
2116023,1092006
2387286,954778
2065544,958200
1920349,102191
2065431,105374
1952194,100080
2196423,1090654
1944689,2683571
1920320,952272
1916707,1703513
2194673,97923
2199749,2009189
2682827,103986
2383233,952897
2199672,96339
1924829,104024
2071931,96775
2052759,103419
2052474,952359
284607,952982
1925088,100321
1913201,953600
2055457,952031
2055468,102378
2055462,102378
2094390,101905
1933535,954921
2749360,91441
2053280,953590
1927221,96992
2686042,1089531
2055691,103917
1928104,94835
2383828,1086032
1914967,94541
2087753,101943
2053774,1087615
1926240,97429
1921639,91294
2066435,103046
1925099,1091429
1922212,954261
1933028,100335
361705,950552
2049856,113464
1932340,1163159
2049893,1088584
2062584,949338
2202858,96499
2064121,948922
1940467,2682411
1940466,950837
2385931,106116
2258958,1088584
2259027,1891248
2258976,1891248
2064917,1891248
2104498,1088580
2259058,948961
2116283,1088567
2127848,113390
2064975,106736
1916853,106736
2064782,113464
2064960,106736
2064950,107150
2750944,108174
2075076,97329
2195989,1087576
1924861,96362
2392477,96617
1913584,952674
361443,102285
2056660,951911
1945479,98904
2055109,951911
1924834,96534
1924860,96733
2257772,2685835
284209,2031061
2393187,103307
2393189,100377
1912816,2031061
1921389,103274
1912831,1090634
2386824,1089649
2196177,1091080
2196178,1091084
1941615,105262
2065447,1952576
2071371,953953
1921266,101695
2111668,105283
2110385,1089582
2257776,2682299
2214199,2682255
1916365,951805
363556,1089584
2194099,97189
2081691,103089
2076977,95867
2196790,100408
2392551,98120
2386987,97701
2194090,2682548
2387004,95519
2392568,2682223
2392570,98490
2269503,103213
1915189,102949
1947993,103064
2194063,953919
1912839,2683593
2194102,958518
2194104,104084
371722,953925
2196783,103800
1917117,95617
1916443,953925
2200706,1719498
2194091,100221
2393261,102714
1925109,100323
1941984,951808
2671280,958088
1918782,101783
2071073,103234
2124692,1858041
2196348,2130732
1918786,104033
2070832,98730
1947729,96791
2055446,105788
1942465,104800
2118766,2683620
2055401,98396
1943473,92074
364262,953492
2199646,98839
1941713,92119
1924246,93071
2070374,1703249
2118974,92837
2070358,1087549
2120459,954426
2077817,954526
1915414,93859
2053502,105840
2053266,102536
2122216,98181
1920538,101511
1927220,953904
1920793,952202
2077829,95093
2077406,94779
1937750,95276
1926727,954564
1948319,105314
2053484,1090537
2053411,1092029
1940112,1092029
1918872,956830
1948489,105368
2077557,96962
2269563,951697
1915205,952287
2070066,105095
1927253,98010
1923547,103263
1915126,98687
1927264,1086981
1915204,952287
2117897,1084177
2124849,98102
2673204,97999
2196427,100683
2392876,2683682
2387765,105892
2124850,1086258
2124852,1086259
2387810,96496
2387816,2683899
2387859,102922
2384152,97998
2124860,98419
2066396,1086250
1919119,104586
1932609,2039185
1944857,99584
1944858,99671
2065660,1086251
356592,98000
1938529,101231
2269517,102839
2392930,2683776
600051,104612
1941164,958618
1941627,98321
2069409,102324
2194064,99176
2197754,955030
2082427,101162
1932214,1087578
1944945,99670
1920079,951679
1920075,99391
2087646,100561
2708299,1086162
2069130,953091
1943400,953581
1918779,98569
1927183,99621
1918791,100332
1918783,101825
2068794,96479
2112624,101232
2197746,100197
2120922,105514
2274370,102506
2258851,92241
2068710,93051
1913158,2024955
1915173,100438
2258309,92768
1923536,92780
2269585,103373
2132184,98399
2120166,97417
2051794,99242
1917369,1089434
2196645,1083236
2052256,1089438
2070123,954131
2196104,1083167
1947606,91335
1924342,93777
2070874,958501
1918926,105809
1917828,103626
2067616,96116
1915803,91405
1924026,105317
2269434,1894215
2110217,1868776
2068103,1867861
1916909,97035
2272779,101347
2067781,105100
2068210,102971
1917770,102521
1916908,97035
1939233,1865643
1915029,952078
2115240,2683639
2194036,951690
2055612,953566
2393011,97999
1921391,97203
2065851,103191
2194019,2683629
2055406,97726
1946602,952241
1916962,98670
2671342,1091741
2258252,100334
2065172,98494
2383279,2683827
2751022,2685967
2385548,101587
2124652,1145522
2259474,951685
2204014,96395
2386249,112895
1924862,104342
1924845,96414
1924854,96331
1924828,95738
1924863,96074
1924855,98377
1913587,953212
2071937,1083378
1943296,105495
1944303,96833
1924858,2686000
1934316,95916
2071922,2031060
1934317,95889
2071924,1083383
1924853,1090624
1912827,96071
1912836,2031059
1945498,98897
1921386,105026
1920417,103457
2070051,99386
1939849,1087573
1941616,105262
1924859,103311
1924848,101745
1921307,99499
1913578,953211
1924841,105758
1912822,1090631
2055916,956827
2052656,952303
2071514,102589
1947755,96163
2052644,100316
2052590,102879
283312,100325
2071167,1092010
2393237,100389
2055927,98434
2052494,96236
1913536,1090057
2071137,2683906
1916442,105457
1916441,951739
1913535,1090055
1931998,98825
1931973,958185
2052616,952663
1935479,2683853
1925090,100321
1913065,98694
2387182,98476
1913542,98405
1916432,2138394
1913067,952243
2078040,1091810
1918788,103086
1913538,105041
1920033,104511
2052526,105630
2123594,101905
2103243,98475
1918920,951854
1918919,951863
2070825,951973
2268084,952404
2751517,100389
2273886,2683958
2076974,952987
1923226,104106
1923237,104165
1933418,2024952
2052501,953918
1917553,103252
1951896,1089981
367794,98478
2268502,952404
2070791,1089978
2196343,1089578
2076972,101413
2055721,101011
2052478,952676
1939148,98730
1928237,2024953
2055986,98473
283040,98652
1914570,102016
283248,103033
2055628,953100
1947734,102966
1920240,100341
2055407,2683812
2118377,97850
1925740,103500
2055616,97428
2055624,105580
1925286,104387
2118758,1090228
1923221,1089626
2055570,103563
2118786,1100489
2198094,2682551
1923434,102530
1920341,102191
2199178,2683770
2198104,2682324
2260432,2682339
2218015,105665
2198102,2682325
2198090,2159828
2262904,2682311
2198092,2683772
2383291,103561
2198103,2683629
2198097,97850
2198101,2682322
2051502,99512
1917063,95758
2055609,951708
2055399,104246
2070565,2682325
2070760,952498
2055580,97222
2055621,952569
2055404,102289
2070571,1091998
1925279,104836
2198093,2682322
2114089,1088476
2055590,98450
2070573,96768
1914568,100417
2055554,100587
1914565,98479
2391771,953699
1924267,104695
2203701,98145
1933003,105934
1933007,100193
1923901,93070
1914953,94532
2119268,92835
1912202,98184
1941706,91828
1924790,1085977
1912200,98184
2202929,99601
1933022,2682608
1924252,92924
2257940,94868
2070183,93603
2258343,1089015
1914917,94534
1914955,94498
1914924,94533
1914927,94615
1928175,93658
2088523,94971
1945523,1090387
1926726,1089222
1915415,93859
1919702,94976
1914905,94528
2077869,1884029
2077874,1884029
1914975,1089040
2052947,95232
2070138,95234
2070270,94129
1937751,1090837
1926728,95256
1946490,1088987
1925552,94251
1927591,93714
1948036,954333
1928151,93656
2068892,93834
2070248,1953511
2196874,954008
2260470,92247
2068961,954125
1922246,94843
1926730,94755
1922199,94081
1926737,95005
1925343,94837
2070265,2011596
2070121,94359
1922248,94130
2392780,954926
1941714,92112
1923461,1092037
2258519,2683726
2053516,956831
2053479,103523
2081466,953904
2053496,1872712
2749340,1090307
2203507,1087462
1920549,97327
2747778,1090540
2384144,2683862
2203713,101243
2070088,954200
2077716,99728
1916959,97140
1922917,94113
2055011,2021658
1912444,97761
1920588,97326
2053490,97760
2260534,101248
2074765,105252
2093300,956831
2203734,105615
1927170,105245
2054979,96691
2070090,954125
2054987,96691
1927234,97879
2053486,1163178
2053442,101023
2053503,2683973
1923636,105095
2077694,99621
1915233,952300
2384782,105095
1943097,1090544
1920574,97326
2258591,1090512
1937903,101534
1938801,953042
2053291,953590
1912450,105246
1935093,96621
1915218,2145224
2115311,2685989
1939823,102962
1927181,105144
1927228,96699
1927189,100938
1927167,96740
1920546,101519
1915232,952288
1941487,102774
361487,99515
1925091,100683
1949776,2683897
2387751,98032
2392890,102922
2220238,1086251
2066334,103749
2387803,96348
2387808,102617
2387809,96496
2093533,105892
2387885,2683681
1918784,95591
1918781,101802
2054736,101619
1938524,101360
1943434,1091002
2203910,2682314
2055669,1089451
367212,103067
2052328,1087350
2052376,1087350
600059,99492
2120452,105082
1943208,953923
1943216,953923
2052597,97005
1939144,951973
1939171,101175
2052515,97757
2196928,1086211
1935438,958572
1939201,100238
1947180,105561
1920200,1089448
1920172,1089498
2055687,104612
2202907,953923
2203909,2682330
1912244,953123
2258144,953448
1919994,1089481
1920168,952586
1943202,103200
2055679,103365
1942006,102643
1945914,105896
1943211,102839
2070399,958126
1941987,100654
1941162,98366
2055671,958193
1941988,100653
2052614,104473
1939609,100312
1925102,100325
2052602,105855
599792,100324
2069194,93597
1927731,100693
1941998,104567
1916433,105526
2120928,103423
379346,2037284
2052535,952666
1931979,953858
2054767,99180
1935398,1089018
1933503,100422
2387912,952527
2258422,1088901
1919690,96535
1941172,952594
1938534,103709
1939599,102796
1918796,98570
1935486,91857
2068838,951769
1946813,93689
1916101,100197
2068878,104228
362385,105427
2068881,103535
1931849,102355
2069408,97513
2068904,101162
2056032,952947
1941151,102457
2088916,101448
1914573,103505
1927592,2011573
2068269,1163496
1927593,954527
2053785,95797
1920782,96719
2258847,95086
1913069,98692
2112471,1086390
1923252,951669
2052694,955187
1940076,955199
1923229,952404
1923241,951667
1923271,1089596
2258404,954477
2383250,2685777
1927582,2011574
1923808,2685931
1923480,102745
2053199,97413
2067125,98793
2382653,1083711
1920173,1089498
1947195,1092125
2266623,1091730
2266659,960068
1924330,103692
1932563,101552
2051318,1089634
2269522,2682311
1941163,102871
2194626,93883
1917101,103917
1946656,93811
1932995,952264
2260449,952251
1938540,98861
2065415,953890
1927236,1086983
2050935,99322
2197832,98244
2194031,99045
2050972,97002
2050973,97002
2202714,2685462
2074468,951168
2049630,949238
1922812,106151
1932258,109866
2050896,109866
2074498,113506
1927514,108302
2749453,2684922
1943168,100541
2271713,100460
2678413,953451
1920784,103895
2385116,103650
2079291,1170888
1943167,100541
2385113,97866
2060505,97872
2086615,106150
2086628,106123
2381918,2685665
2384616,114458
2118311,949072
2203985,949072
2385904,1088588
1920060,113513
1944435,951437
2076528,113517
2049829,949814
1915725,957282
1932259,109866
2064464,2034550
2115813,114433
2064910,2038146
2049707,106062
1916855,109089
2393097,111505
2381922,2685667
2749560,109866
2386009,111089
2393105,113241
2386028,1091938
2064946,109089
1915722,1088584
2259052,108289
2064777,114670
2267206,108329
1932402,949162
1916852,113464
1940043,949053
2386123,113241
2076424,949072
1916876,109281
2103187,95758
2050905,106123
2049845,949814
1932007,102373
2124324,114739
1932512,114238
1947278,950953
1916086,107988
2252418,111713
1922910,957978
1922904,957985
1922906,957997
1948163,107944
2127830,114620
1940775,115798
1916057,111328
1938857,112231
2064248,949392
2195208,2156681
2063604,950192
1915004,107684
2071462,1083176
374107,1725343
363087,1088580
2067771,101782
2070659,96305
2092504,114066
2208670,112677
2257839,2139118
1947605,91340
1942158,104604
1945495,98899
1923462,1086973
284878,103181
1913071,98703
2200823,954778
2750075,94039
1943354,98115
1933035,1092148
2066438,99477
1918916,952379
379279,103073
2754422,949150
1940033,951024
2787332,111343
1939916,949428
2076794,1086202
2201665,94866
1952172,100489
2071730,105824
2127354,2683977
1940038,109422
2750747,114498
2080250,951153
1916353,104273
1925276,105261
1933476,952986
2393375,102445
1922784,949172
2052471,2008261
2065588,1952590
2067867,101715
2052920,96274
1915738,957286
2790721,1086200
600361,952449
1940094,102237
2756349,114498
600441,99541
284762,98468
2077016,953728
1941203,953175
1928421,94606
374728,953071
1952026,2683693
2074652,1083207
2387197,102183
2194415,2136662
2110234,100426
2380727,94989
2749351,2682258
2267092,107119
2258857,2141284
2103276,1952588
1923767,103135
1921372,104100
1933353,101558
2051347,100711
1927201,104280
1948507,2041560
284227,103229
2120619,100276
1948034,95315
1920536,1726413
283039,98243
1939830,102962
2076469,1088559
2778368,1090543
2052660,1087809
2387161,952465
2056503,96534
1913676,1090200
1920535,101507
1916856,109106
1948156,958011
1948956,1086258
1938909,109586
1924314,954525
364476,2036556
2202774,104323
2115631,99112
2387047,100880
1941315,952926
2052075,2685887
2063313,109131
2057432,1090680
1923440,1090245
1921301,953515
2127035,112891
2236726,110597
2262368,96586
2197882,102977
2386251,951580
2069304,101855
1947651,114979
1941775,104749
2382753,114595
1917330,111370
2053555,94212
374641,103864
2076736,100829
2195996,2685839
2116055,100362
1925744,103500
1934532,94723
2200563,92438
2055351,98883
1925285,104656
1924801,1091257
2071552,98115
1922213,93663
2383318,98986
2067667,104839
2090317,98788
1950736,104656
2115301,97117
1933474,96523
1915222,952299
2260869,955680
2071501,99049
1941260,951248
1933459,103785
2052476,104145
284578,101859
1926801,95983
2273119,100279
2208206,952476
1943357,103184
600368,1086970
2382408,105334
2082855,954831
2194390,1086901
2080476,1091229
1940046,949088
2197899,2683598
1939896,1100468
1942063,103689
1946771,95089
2270752,1090844
1939330,111089
599883,91876
283237,102687
584273,96910
1916546,950985
2083924,107639
1938837,113718
1942312,111332
2111304,1722530
2386038,114037
369392,103856
283487,104479
1947607,91340
2054956,97981
2223063,2682411
2382752,108352
2050791,114541
2092726,955630
599659,96808
2070097,954202
1915689,957285
2049089,949783
1943347,95688
1925400,1091759
1917379,99192
2054731,93056
2756943,92798
2055794,2024952
1943479,93069
2074882,1089596
2122393,98131
2054469,953099
1943315,103026
1940352,1089530
2068569,101968
1923770,102973
2258212,100334
1923463,97637
2120154,101456
2091060,100317
1916363,96737
2078160,104342
2780323,95517
2083592,1090384
1916892,1866123
2116045,1089570
1947710,95626
2052030,97226
2202147,2026630
2104488,948838
2110337,92112
2756655,91623
1918823,953177
2053375,2012728
372636,100431
2194092,95623
1942034,97607
2387754,104195
1926941,96294
1913827,1722518
2052830,104888
1931970,952255
2267920,115764
1925157,1090344
366179,95905
1920299,94210
1927721,2146634
1934681,1090653
1921428,104121
2055700,1864947
1938348,107904
2791172,91422
2756348,114498
1931991,100266
1941623,104999
2049604,109866
2065972,2682508
1916955,1090518
1925159,1090337
2054617,104892
1938136,95683
1950693,102291
2392201,107046
2067746,105616
1948780,950449
2056492,96331
283498,105946
2115594,97432
2260824,90246
365297,103561
2089876,1089528
2387612,1089352
1949256,105178
2110384,1091973
2050435,957283
2052344,1087095
361753,952400
1947597,91322
2054298,105076
2071882,96733
1932538,2159258
1919104,97966
2070568,1089633
2050588,107145
1928418,95247
2062577,113433
2051300,102562
1913118,1086948
2055936,97702
1914606,100488
2258777,1089419
1923759,952375
1941303,952925
1944722,104279
2052939,104838
2200474,2685411
1915520,953598
2201417,1089577
2080742,952872
1933115,1084228
2063875,114546
1924093,103284
599949,109571
374277,115321
1941180,96436
1943209,102959
284388,96738
2270624,98725
2386139,106701
2070522,100334
1942768,949087
1942747,949058
369447,102731
1927082,1894584
1941727,954947
2199225,1850104
2076934,1087111
2120488,1088667
2274059,102085
2758896,94670
2383519,2683910
2053361,1087120
1935396,1089019
2090433,103164
364867,96139
1939160,958510
1915384,953227
2226449,2685691
284865,1087550
2387680,95275
2053414,97016
1938441,949443
2070762,104909
1921530,953725
1915359,104801
2051539,951853
1923833,1090275
1939345,110857
2127510,1726457
2082408,1086205
2386948,102714
2195206,2159341
2067955,104543
2260819,2684164
283042,103229
2199222,99740
2052034,93053
1939348,113241
2055464,102966
2671324,98648
2077234,952689
2117046,1088667
376073,1088667
1949142,99588
2678680,99572
361776,1090529
2773184,99572
600405,1086970
2063356,114509
2119325,97538
1942457,98049
2074532,111772
1938672,108022
2750697,99610
1935308,948394
2070620,97624
1920921,95112
2194719,2685617
2387202,1089577
2387874,2683899
1932257,948842
2053335,1087359
1951138,101558
2387237,95966
1928021,953188
1947598,91320
1944232,103775
1949966,105755
2111974,1087150
363020,1088524
1946809,93380
2101628,114808
2052701,91377
2050678,110661
1923421,2683595
1920573,101507
2200049,105568
2392567,98648
2052543,96875
2131727,112908
1918768,93017
2194767,2685669
1927464,948084
1939151,1091078
2112539,96955
2260472,2130403
1942020,105171
1943134,98647
367878,104901
2082202,102859
2749293,1089503
2104586,1087447
2203774,99343
2194035,2683597
2201291,952404
2266712,1083703
2049726,114101
2774638,2682527
1921392,97203
284586,99547
1939582,95599
2051948,96704
1945504,98906
1938527,98859
1912367,111509
1915435,95576
1912341,96357
1917658,103368
1938530,101403
2077889,954678
2116107,112695
2196053,2139396
1948177,957981
2392564,98648
2197624,104702
1940756,111487
2053726,95904
1932560,2159264
1942005,102643
2074668,95642
2071915,96899
2055553,952762
2207562,106386
2194852,1088644
1919609,949091
283191,102310
375517,114528
2068565,93750
2273959,104612
2671361,96567
1937861,1088802
2387041,98475
2085976,114769
1914476,2682169
1925834,1091469
373654,111631
2196789,2146631
2088437,954275
1925073,100048
1932332,948566
1932219,101793
1938872,111334
1917331,111357
2052527,105208
2089638,105588
1932999,952284
1941652,1086982
2200664,958977
1945669,112675
2116486,101983
1931850,102885
1921627,2685809
2391809,96824
2077711,1087093
1913072,98690
2087421,952980
2067527,103735
1938093,103916
957439,91999
1924510,2685976
1919984,101934
1939918,949403
1916837,115165
2126931,110708
1945426,95327
1923407,2034267
2271502,951685
2387108,102714
371968,104275
2790722,1086201
1944705,953186
1925939,1088174
2077161,96824
1920346,100430
1932982,100402
1923782,102183
1940057,1910633
1916361,951898
2056495,103311
2090025,100889
1938142,104410
2260718,89607
1940342,101937
2260441,2147756
372800,102314
2053263,104576
2751597,2683973
2081935,102318
2194791,2685668
2127357,1092120
1914603,100505
1915383,953227
2267743,112869
1941094,112592
1932238,101234
2127408,1092120
1950694,95921
2119174,114546
2121960,96339
1933113,94475
1939265,953187
2382079,114156
1927212,1092021
1927615,949632
2068798,2682558
1941720,92602
1949146,99589
1920956,96718
1914359,2685850
2202064,951722
1920619,112171
1927595,93708
2079815,2683653
2273828,2683789
2068990,92533
1917092,100428
2269569,1090516
2056636,105054
2671345,951698
1938101,102546
2202076,1087047
2070280,94042
2116204,107004
1932262,949945
2747752,102701
2751046,102701
2272493,2683739
2071509,2685844
1927194,1726436
1946978,98047
2050656,107393
2051095,93683
2082927,952981
2258420,1086336
1944403,1087177
2055828,104265
1950705,96074
2258219,1090223
2387360,1089477
2268566,98072
1915442,958105
2748195,1089648
1942777,949089
2196428,100569
1916979,953596
1935320,113921
1916978,103164
2270635,2683883
2070685,98390
1921637,91296
2673184,2683899
1920590,99721
1935635,951041
1924182,1858707
2393285,101865
2089944,100141
2122490,92314
1924184,1858707
2194095,2147151
2267475,2683973
2127125,105716
373101,96694
2117438,1089324
2084942,105354
2753967,100989
2077051,954279
2194455,1087011
2050279,1088640
2064781,109089
2118647,98793
1948033,93841
2087642,98402
1925054,100005
1915657,99303
2259033,1892278
2126952,108298
2114101,1091972
2069761,954023
2065509,91800
2270119,958520
1951554,102643
2758908,104579
2127820,109866
2793571,96728
1914601,2683644
363702,93962
363555,96961
1951553,103388
1952206,98669
2113545,1086256
2387042,101696
1950697,105758
1927173,105245
2070094,93525
1925676,103696
2060470,100261
1923533,92782
2120454,96808
383323,105974
2208703,113274
1950609,105095
1951909,104695
2070828,104033
1917597,101263
600000,102434
1935328,950965
1919980,103649
2081930,101859
2051930,97249
1942765,949047
1924752,2144444
2386972,97238
1917576,954471
1933318,100373
1939936,949667
1939229,953698
2387049,105710
2081414,97738
2051334,98488
2749944,103026
374345,105483
371935,97494
2195086,2682381
2105011,96224
2269690,114465
1943330,953608
2778233,96839
2385933,1091939
2197626,92544
368986,2683590
1923820,1710209
2056512,103510
1925271,105244
2218011,105213
1915226,952288
1941756,951780
1945421,954200
1938465,110501
2090091,104015
2054549,105238
2082415,90483
1914850,104570
2387013,102701
1913120,1087129
2772352,110708
2070691,98389
368774,100553
2065593,1952589
1952171,100495
2117284,94978
2088436,94933
365139,104381
1924205,1849174
2259812,952967
2065173,1722452
1935315,114861
372910,102467
369031,103943
2069561,1952569
2066234,95071
284976,98356
2080956,100079
1925681,96045
2070042,102681
2052849,103144
2260631,89443
2070086,94751
1943273,101946
2671285,97701
2055210,97963
1927151,96962
2387007,952375
2073272,100489
2086709,93796
2071062,101718
1918620,107333
1942749,1088597
2132348,105784
2123699,1092116
1942791,95179
1940355,952551
599616,102434
366969,949887
2053542,103523
1932522,113097
1921322,105750
2778235,96839
1919985,95862
2070878,955011
363037,948864
373337,951657
1919701,2035749
2673257,952527
2060481,101757
2055926,102730
362073,1088524
1946029,954454
2054538,104865
2392586,98648
2054355,952402
1925158,1090867
1944727,104972
2123226,950656
2069091,102149
2122406,952449
2386915,105283
2054161,94612
2124335,113108
2386645,96384
2270160,100782
1950615,105201
283294,100679
1923775,103006
2055677,102750
1933697,105853
1943272,105390
2196187,953152
283327,952752
2133159,109623
2074003,2685230
1917482,951759
2070816,101825
1920953,103459
2748935,111223
957519,105283
1941154,97012
1947699,102085
1927581,95099
2387760,98032
2195391,97636
2051841,97916
1943476,92076
2775089,103705
2066297,1086250
1912023,105860
2083773,108380
2199611,114544
2387564,101865
2112541,953697
1938828,2685436
2787544,113442
2064300,951087
2063261,113937
283052,951657
2083976,1884147
2754349,95413
1923790,103148
372055,103350
1917752,103793
2393119,114037
2755958,90172
2069184,1084242
1946803,93476
1925932,1088174
1923562,102628
1949147,2683896
2127042,107148
1942458,98022
362522,111213
2055770,953189
2111234,952300
2053413,1859870
2087723,102618
2268110,954357
1932306,1088674
283287,91336
2102671,2034550
2053267,102105
1944562,114010
2054187,95870
2053106,2136692
2076862,92323
1918634,98704
2075804,99374
2059274,1090072
374836,104749
2750098,2683974
2091749,114541
2066995,1083174
1919681,2682229
2387214,102701
2131849,105411
2194792,2685547
2385945,950574
369582,99455
2074930,105707
1942456,103428
2260545,95918
2196327,104627
2092312,951083
2086659,114433
2054311,95976
2067821,104664
2272408,955042
2756600,98478
1933111,94476
1928105,94972
2075107,108405
1952052,95558
379174,103323
1914605,953645
1917952,102654
2380752,952199
1942756,949087
2779052,104420
2266627,89860
1915688,957285
2069154,1089311
2077156,100289
2194672,1719500
1947717,109221
2117905,94338
2273238,951731
2678677,95882
2384627,2028222
2078185,102616
2197995,1090173
2793492,96384
1925928,91876
1943341,96839
2385907,1145881
356565,97616
2757240,951817
1948356,949291
2268576,94532
2203229,110547
2202909,952686
2051740,100886
1939608,103659
2084870,952163
2257745,96865
2106013,103917
1938829,1092049
1941854,2685798
2115629,102991
1917763,952671
1919137,97572
1932920,96370
1932292,1088645
2113118,1088667
2089840,103917
2052122,952653
284848,95744
1944989,99884
371987,100193
2074570,92144
2071522,99447
1927908,1090304
2386636,103103
2054347,99350
1949431,98061
2273210,1953514
1918922,105745
2051264,1087328
1915763,1087328
2104572,1888795
1946603,958567
2077174,1088170
2055087,93376
2067335,100012
2053325,1086943
1917065,95758
2196426,100565
2063823,109877
2383313,102768
1922867,94330
1928405,94018
2270552,110469
368900,103973
2054232,103111
1946547,100612
2773160,98408
2116317,951757
2385893,114401
1920587,101509
1917682,97302
1949189,100451
2749263,105472
2194485,2683855
2070490,105788
2391770,952805
2070632,953162
1921648,2683566
2080865,105432
1943207,102342
1938538,104667
372785,115642
2124331,113108
1924094,98061
1913629,953035
2203500,953087
1919230,1722471
2199186,953359
1917062,102865
1925284,104399
2105588,101699
2121382,104363
2065951,2025345
1933488,100358
2053318,2014971
2055194,103112
1923027,948823
1951108,112079
2386744,952539
365917,2683978
2203718,101352
2053153,952651
2260870,90762
1919888,1089456
2262927,2685148
2067555,105931
2753286,107226
2068606,1090399
1918948,102127
375879,1847165
2678608,953608
2260732,90635
1916382,103987
373823,115288
1923486,1092012
2391803,100672
1950117,105944
1912980,101176
1946969,952779
2111277,958118
2051751,1895476
1946783,95063
1923278,1873555
2269543,952673
1916209,2031052
2074513,109866
2052405,1090652
2386970,101855
373612,97963
2386583,103723
2202702,106805
1942455,952994
1920559,1084637
2273245,103118
2064867,1088673
1915794,102163
2065222,94600
1922829,950385
365348,952696
2051402,99474
2050884,113442
362062,112446
1932546,2159259
2756653,2683597
2067673,103545
2054700,955049
2775149,2682599
2087617,98402
2068339,99957
2393258,97701
1933033,100399
2054436,102371
1947990,99745
2081380,1086217
1914952,94502
1924090,98986
2067403,98999
372034,102687
2385746,953838
2268899,96658
356508,102089
1915456,98492
2065463,102360
2678613,103026
2068790,98438
2259095,107915
2195085,2682402
1947709,96339
2387232,1091076
2392491,105444
2269404,105444
2386736,99436
2054423,107196
2120921,98611
1938536,104667
2069386,96216
2779973,2683915
2386860,105283
1946578,100490
2049602,106825
376211,113379
373459,110609
1943457,105488
2117109,94317
2081572,96213
2059915,98782
1921405,104318
1943124,99241
283036,96257
376482,101898
1923549,99744
1938064,109845
1938076,109845
2050326,110994
2270627,98518
1932380,1088641
2105288,1084144
2110235,92669
2261413,2682556
1948028,95140
2088017,91081
1924502,2685879
2196875,94160
1946966,104275
2054468,99506
1941718,91833
2392562,102169
1947691,100047
1944416,1088667
368106,104647
2053538,2021647
600263,100229
2121446,104380
2065940,953371
2050662,1088545
2386581,100739
379432,104478
2068604,94740
1939347,113241
2078312,1090970
1923502,105292
2067294,100954
2068670,94776
2267753,107180
2204667,113946
1938875,112547
2051324,951746
2273309,99205
1932629,953556
2773509,2685707
2103109,954858
2118712,103535
375585,95618
2274237,112675
2267558,106052
1921437,102008
2060220,97223
2260360,98704
364606,97779
2060515,96486
2778968,100362
1939231,97804
2063283,113276
1915455,1087814
2055201,97080
2794130,95909
2079816,2683653
2082646,103623
2069437,93692
2082430,91077
2197640,103590
2202150,94176
2274361,97163
2064518,112440
2106518,950549
1938063,107511
2222319,108118
2257735,99431
2775132,2683705
1919931,1892294
2196953,96479
2071452,98999
2387245,99776
1947540,1086980
2065625,105306
1942046,103728
371945,104901
1927449,102709
2067165,91936
2245842,115130
2065386,103100
2202800,96402
2074944,101376
362093,101526
2050808,110857
2382465,952911
2050915,112440
1923277,1089610
1944990,99884
2120005,106450
1949459,102806
2089399,96786
2115348,950065
2051295,953167
1918561,98669
2124290,1085942
2267076,106881
2266704,90884
2117089,99412
2114051,103917
1931988,952670
2382537,1088685
2053351,1086943
2081263,90411
1927196,1726441
2053716,104363
1911069,104021
2749955,96839
2751053,103135
2052365,2014983
2683002,102875
1912066,109422
2060026,98684
1950212,98430
2196682,2136667
1913774,948870
1920591,99721
2194756,2685671
2074838,105781
2793630,108294
2257749,1895464
1932599,102418
1946569,953838
2065698,1087366
2117127,96691
2049840,112607
584406,103728
1950189,98487
1947735,100733
584448,100416
1943472,92074
2788878,115798
1946829,1084896
1916880,109508
2092056,951088
1914782,954019
2262728,2041562
1912243,1719986
2778982,96416
2053441,2014974
1951556,2683843
1943229,1952581
1935637,951022
284625,105034
2080833,97459
593715,101410
2203530,100108
2778238,96839
364994,97414
2069536,102837
2386054,949887
2682882,96384
2270111,958512
2384865,1083173
285145,96148
2056023,99877
2267026,952423
2790670,2682229
2670978,113244
1941185,103246
2077867,1088992
2258856,2682246
1946123,2146637
2196719,1083148
2127656,95084
374701,105814
2059226,1090969
2052353,2020671
2068749,93257
1948041,94914
2387076,102714
1925274,103282
1916477,1091949
1949955,953207
2066340,953344
1917942,952904
1933499,952997
2093210,1726380
2117435,92768
2195217,2685647
1934310,95786
2053353,2015001
2382457,2021645
2116376,954001
2070353,92134
2793510,98408
2067871,2011600
1947443,101998
2072339,1884124
2067415,1084136
2258981,2685661
2218359,97636
1937902,1087381
1916841,113890
2055825,95904
1939346,111089
363489,100196
2063298,114782
2117002,950706
2198058,104364
2117274,103719
2055398,2683639
367424,105254
2089386,99962
2049555,111177
1942130,2012190
2385684,110609
284845,104325
2117288,954572
2053213,952288
2110175,97532
371824,99852
1938522,1145538
2066236,1726375
1916890,948718
1921395,1091488
2194412,2137908
283474,949924
2113142,91477
2196366,1086901
2386748,102209
2053534,2021646
1943261,1952583
2258100,103407
2055722,952266
2052971,1092037
2055402,1089632
1918769,93014
2252775,112675
365956,103044
1943279,99373
1924107,104532
1945758,95720
2383332,102768
2269513,101108
2126947,108174
2112511,1086258
584363,100445
2050757,949945
584449,114433
1941701,954927
2054256,104059
2386657,99572
1944885,105306
1942121,948594
2087028,955312
2052628,101411
2110759,1088528
363608,104709
284480,1088667
1945693,951114
2056462,104243
2117075,113464
600467,109571
2051257,949953
2198890,1091285
2067503,96756
2385162,103219
2088750,104133
2252931,2682356
2386849,105283
1923761,2037285
2060148,96196
2111978,95033
1945630,1083200
362303,957282
2055405,952894
1920084,951010
1941814,114765
1917218,103897
2080221,112686
374980,958186
2114724,1087662
1927217,96956
2052795,94336
2059897,2144445
2201873,1088185
283120,92842
2260809,2684054
2194265,2137908
2055520,951708
2673074,2159264
2086900,97582
2117437,1089312
2071916,105401
2195995,95846
379348,100070
2386789,103437
2055949,958171
2131241,106139
2386965,102183
2107092,97047
2386782,96839
2194542,1088175
2056600,1884049
2053729,104363
283335,104909
1945702,114156
1943276,105086
2077708,2014976
2060433,102485
1923921,953173
1923488,103455
284630,102467
2084888,105230
1924343,93444
2773168,103973
1916341,951917
2386704,102604
368388,953009
1918959,2136577
2055958,98692
2267459,93106
356417,104253
2749090,108088
2071879,103129
2272577,953828
2068329,95007
2077693,1087056
2079793,109620
2053436,2045346
2267296,115177
2066233,94734
2117155,100683
2123134,105568
1948961,102843
584518,1088667
371245,100141
584276,104325
599801,950453
1935152,109227
283424,95507
2197895,2137871
2076120,948697
2386984,952375
2113048,110501
2194042,103973
2069643,953489
1952177,112915
2708233,103572
2065420,101547
282979,1088667
2092730,955627
2199921,105892
1917652,2685989
2068968,94860
1939080,115421
2197643,95472
369945,1086952
1912792,1891173
2110045,113943
2203737,101352
2093808,96355
2196138,97902
2071136,102678
1919139,1703393
1921411,97904
2058567,1092118
1945696,114104
2778073,115196
364107,111297
2069559,1088478
1939342,108329
1914896,105500
1911003,100692
1923596,105577
375703,99663
2127832,115068
1916885,109508
2089585,105665
1921442,101874
1918572,97172
1947711,105716
2051174,1087115
2064499,114541
1915328,949612
1946836,93968
1935296,111420
2386977,952465
600164,92835
2052382,101224
2071507,102395
2120420,104788
2094491,1087811
1938161,98314
2054496,103110
376151,104013
2062668,2683653
2758920,2683899
2200036,1089605
2059844,1083366
1941005,949715
2678451,103663
2392557,102714
2066023,105425
1933026,952447
1925677,101607
2107055,1726388
2755027,102714
1939696,95233
1939340,108310
1920545,101512
2049141,958072
2085852,112604
2755024,102169
2067325,100848
2391887,950672
1915430,1090108
2066293,98092
1926887,1086719
2384126,2683791
2114770,1089310
2386549,100739
368895,102498
1915244,99192
2077843,2035757
599823,92175
283481,99330
1932249,951153
2387792,102617
2106782,108398
1932562,101551
2066443,102541
2258359,1088906
1945709,112915
957806,953021
1913803,110103
2088389,955519
2272814,1091897
1940945,112926
2055842,1091012
1946130,949204
1913675,1090185
1938366,107638
2392487,96034
1933648,105276
2260537,96673
2775088,102900
2111417,104002
284773,100924
2258113,1091204
2199255,1083185
1944304,104396
2268071,1091459
2077712,2044933
2064707,949945
2052285,2012605
2756590,105096
372808,115032
284662,105436
2054395,107226
1943471,91881
2124006,99374
1932575,101605
1920202,1091782
2208580,111968
1926942,1091943
1943311,103040
2050648,950574
2092867,2014009
1916874,109281
1919685,952728
1946454,102935
2260255,103848
1931774,104645
2387166,105849
2072072,953534
284822,102221
2067532,100849
2090257,1866380
1913531,101940
2199154,951709
2780317,105119
2058111,113892
1950610,105095
2105314,108455
2060368,101736
1925370,102698
1943312,1717976
2066522,91556
2124657,94821
1915079,103594
2756654,105597
2749480,948996
2069306,101232
2116248,950706
2114045,108287
1918958,101733
1941719,92027
1932626,101603
1941969,95695
599600,105442
2082854,91973
2074539,2034550
1949336,98035
1918852,1848322
1923471,97637
2260827,91234
2113988,952261
1917950,99526
2067521,954304
1915732,2030603
1914864,952208
2387292,1088177
371568,101483
1926884,954671
2120478,951152
599777,99615
600159,90870
2059741,100489
2050908,2012190
2053400,2012726
2203644,97389
2074844,103033
1915311,1090325
1927478,113390
284602,1089959
2201937,1089315
2127673,101516
914345,113442
2194809,1091271
2104563,1863086
2050895,113390
2087974,1090063
284423,1726436
1921304,105889
1920551,99702
1941409,92936
2093877,1090095
1940070,91584
2196866,95001
2061802,108174
2749438,2684960
1933708,105221
2386774,1884033
1923931,953108
363794,104004
1946831,93417
1919410,99957
1945489,98903
2386902,1089649
1925490,2157052
2054294,2128539
2257862,2682228
2119545,93161
2062400,951230
1933534,954922
1918229,105313
2053466,104485
1923258,952625
2055456,102368
2387437,2145228
2055357,105781
2386613,103437
2070475,954692
2081866,1084144
1932585,105435
2117896,103731
2092049,951117
2194820,948566
2386401,114739
2053781,2024944
1949800,98901
2063613,106891
2105469,950367
2050431,109708
2115273,2024953
1939237,95523
1917333,112223
367012,105767
2757106,104923
2218092,2684796
2082257,101162
2087040,90822
363534,952674
2055765,953180
2199987,95928
2087295,96786
2051102,954409
2055463,102991
2076019,106367
2382493,951690
2090039,1091932
284969,2012190
2109526,112675
2077848,954090
2386112,110857
1942129,2012190
1934533,94161
957838,955082
2386729,95566
2124723,2018603
372949,98436
2064968,108842
2773169,1090771
2200422,2685795
1925833,1091470
2787460,103752
1925057,105028
284713,1091041
1939199,98470
356386,95723
2071002,95806
2090314,1090634
1916315,101687
2257780,98116
2067435,952799
284548,103959
1943277,97171
2049436,951152
2387029,100880
1945732,93905
2391970,106105
2065867,958569
284737,2030602
1914701,115027
376432,99450
2068648,955051
2380697,1094934
2067762,97004
2127360,1091977
2063974,110387
2203786,101352
2678683,96384
2088432,954483
1939917,949395
2078112,99881
371995,105737
2107063,1726426
2258651,103964
2064936,950483
2067282,103183
1927237,96990
1944986,99881
2127356,1092114
283536,94940
2088965,103985
2068560,96741
2383258,2685809
2260277,102547
2116284,1088579
1923787,102937
2386567,96839
2065965,2683935
1945733,954334
1949338,952653
2111970,1084115
284774,1083423
1938438,1090038
2054434,102893
1946984,96310
1932978,100403
2266546,1083803
2110402,95641
1919871,99622
2082222,97686
2773154,105589
1917946,102632
2671276,102937
2053719,1086250
284195,1088667
2077008,100990
373009,100362
1945699,112972
1923781,103163
2268056,99952
1923458,104923
2091920,112440
2089912,99815
1916194,94359
283907,95537
2204581,115585
2203475,2683743
2121159,89278
2120119,113974
957442,92809
1940102,102390
2065818,952090
362350,101231
1952175,100492
283240,102209
1920057,113410
1917613,104553
1943474,92487
2201585,1088646
2067613,102779
2386983,98648
362020,109281
2751509,97701
2381896,2682653
2750067,954966
367754,952652
2194481,2683857
2671031,1088559
2081406,99668
584502,957282
2085943,950694
2267152,109823
1943458,104187
1952286,100196
1941322,952875
2067724,102518
2052771,99071
1912349,954507
2077855,94498
2071929,97220
1914591,100467
2269792,2034916
368694,1087286
1940330,98641
1939341,108329
1933357,954155
2387030,102701
2258652,101269
2196422,100683
600137,102169
1920532,101508
1948957,98095
2053409,1087337
375188,1083412
2060197,104012
1914940,1088882
2065590,102343
364944,113108
2204677,950997
2274031,91455
2075106,1090093
1940082,955200
2084934,104273
2126928,108293
599597,95886
1948782,1091415
379362,100587
1941844,1895464
1918522,1725339
2053369,2137879
2253666,949650
2774568,97701
2119551,103719
2104120,99474
2113156,100953
2387186,103135
1938065,107160
1925283,104453
2127766,1083207
2393013,953538
1923994,92795
1934691,106193
2208541,114953
2113093,950661
2384117,2683853
2076936,2015007
584513,101682
2068801,2682560
376338,104779
2055099,953988
1945711,113389
2120883,114938
1927204,1087123
1941122,114508
2074757,1090307
376215,98996
1943274,105145
1942116,948317
2082825,113269
2215638,112265
1921505,102861
1949011,103820
2055768,951768
2054246,96159
373953,100131
1917668,104015
2683047,98475
379076,952886
2392173,111005
1924276,952686
2386685,952912
2067764,99275
2206215,112810
2202720,115196
1941696,92607
2119097,953686
1917089,99552
365245,100237
2090222,93860
1946598,952114
2063932,108260
374885,108810
2087655,98801
1918930,2683694
2383818,2683694
2386800,102873
2056496,96833
2067263,98576
1937589,106777
2074584,1089630
1944928,99671
2386809,98407
2260341,100316
1914643,953476
1912057,950914
2051862,99242
2120937,104554
2091066,95801
2082872,104103
2051310,102562
1925637,111491
2063830,109877
1950118,95617
1912296,948603
2115850,113751
2060524,100257
2122678,113813
2051795,100838
2118327,113733
284726,2684424
1923807,952002
2050941,99046
2260828,89623
2753766,92032
1915447,99949
1920581,100557
1915175,953051
2116445,98450
2791155,1165512
2205523,111062
1941836,1895462
1933500,958157
2066356,102800
285005,954537
2052115,98351
2110115,950667
2274391,100733
1949148,99670
2119554,103719
2387827,97745
2106390,1094233
1915453,102942
2083091,100415
2671272,958171
1945684,115133
2091591,114493
2056328,93861
2258453,100104
2080584,107187
2050541,114926
2202703,951395
2120460,954426
1944401,1087178
2067607,102668
2197820,958166
1923476,103007
2087568,956577
2749940,105536
2778222,105536
1943325,103040
2055436,105781
2393241,102221
2119349,958108
1928126,114045
2066679,954361
2072033,99544
2055955,98695
2060478,102323
1942118,948594
1918766,93019
2076918,2044934
1943281,100237
1922891,950675
1941229,106070
2070948,97636
2050944,103562
2387157,100362
1941625,105001
1943627,114051
2272083,949128
2052800,1090836
1920220,104126
2380620,105892
1939935,115745
283083,104991
1921410,97903
1925011,97365
2123609,949783
2064093,1100480
2194402,1087045
1945491,98898
2215727,1090186
2068155,94457
2258530,102569
2052706,99509
1932408,951433
1931980,105776
1923762,1895474
1943204,102876
2387368,1892981
373719,94877
2670982,107145
2069354,99076
2050912,112434
2052555,105527
1939836,1089648
283292,1882672
2105895,1726394
1913812,111685
2078840,97888
1923923,953112
364253,960078
2392922,97494
2116394,2034532
1927216,1087124
1915475,105595
2392750,97398
1916474,1089595
2054356,103038
2267445,95116
2062861,108930
2127161,99374
2748952,108090
1921440,951938
1920539,1090123
2069229,98495
2052443,104820
2381897,2682652
2068309,1087717
2199357,1867858
2748224,105577
1918847,953033
2050653,114773
1924219,92595
2112028,1086928
2115279,105049
2052898,95706
2091515,109501
599641,98466
1923888,954772
2113551,1086250
2051292,101619
1924337,94080
1925098,100327
2054425,110708
2755949,1089926
2069274,103459
2202094,2682217
2066514,91485
2071059,101718
2268520,953780
2671362,952588
2057599,108380
2124033,952135
2119103,107988
379389,96875
1945506,98904
2077330,105359
2270128,104910
2081996,1092031
2070789,952411
1938439,949484
1935314,109910
284144,951744
2197993,955040
2058032,948540
2386055,2012191
2386069,2012191
374142,953263
2064780,948718
284352,102884
2083299,98306
1917057,95758
2790733,95753
1952176,99671
2050848,112440
2054428,101985
2080648,96873
2082769,99694
1938104,103931
1935437,102974
2384271,110897
1919233,1722473
2680790,112434
1938436,1094234
2774811,97701
2273112,2685501
1915458,1867009
1945825,107233
2052136,1086190
2049411,108375
2055979,951749
1939213,1090107
2383820,1091949
2082609,93240
2054616,96965
1912082,93709
1916313,95906
2050795,110857
2049588,948317
1912446,1087397
2385961,948317
2773250,104912
2116372,953993
2080361,114125
2208681,108168
1912828,1090634
2386173,950621
1923565,103560
2387484,1089477
2258299,953449
2060331,98180
2060428,98180
1914595,104912
2089512,954815
356461,105508
1919519,949021
363911,95869
2775071,2682209
285175,1088667
1942467,95677
1941695,92607
2086128,112139
2268590,96660
283380,95849
2074781,104266
371271,949162
283236,103437
1932305,1088556
2054465,104421
2086160,112138
1916840,113870
2050693,111046
600177,110925
1914644,100746
1940325,104307
2059217,1864078
1912447,1726439
1921319,96893
1916279,99130
2064696,112146
2085541,949587
2092098,112146
356506,104240
1927315,110205
2102961,1083179
2088113,89243
283867,951436
2270671,1086645
2053445,104334
2102262,107479
2077697,953599
2124014,96402
1915121,98687
1941651,952197
2064616,112683
2056196,92246
2122537,1090631
2260548,96673
2076963,100602
1935334,113915
2055766,98243
1931776,99124
1916832,115711
2203201,108578
2102952,103889
1927298,101637
371120,102625
1945913,105896
1924109,104174
2104713,93042
2386626,100902
2051262,102105
2080647,96843
1935306,1088574
2258125,2682308
284383,106125
2262682,112915
1914673,96342
2078765,97611
2055524,953099
2110171,1087358
2071081,951772
1939595,95723
2074475,951491
2094381,98568
2068962,97331
1942789,95357
1925076,105858
285156,100322
2202808,96486
2124326,114739
2196038,102019
2382588,2684096
2793567,97620
2261415,952238
2089896,97056
2115247,952385
1943210,102959
2196354,951702
2132016,93918
2055033,103592
2266561,1083704
2076180,949314
2088716,97248
1932385,1163163
1948038,94882
2077373,2015955
2067877,101715
284545,112139
2382296,113438
1940569,1090920
2756366,1088581
2088641,103729
1939601,96567
2058573,1092117
2787424,98408
1945629,1083199
2117604,948553
2385006,1083366
2208209,953839
1913839,110009
2260885,89829
364054,95942
2392007,1088667
1912245,104491
2272619,2684578
1949143,99583
2050831,948594
1942117,948594
1941705,92625
2258249,102787
2052308,1087352
600289,99588
2384125,951854
2066216,1089219
1945759,97789
2117458,2685844
2092756,103505
1917782,96358
2119443,953797
1928851,949288
1915438,104200
2059200,113529
2074800,1087546
1916080,107987
2071529,1090771
2386702,102209
2260029,109131
2062801,108930
2076902,2015007
1937852,91745
2196999,2682226
2078119,95727
2111217,1087295
1949765,100495
2105863,98035
1938838,113718
2055372,96791
1948998,102447
2063829,109877
1939179,98471
1938067,107641
1939992,1094927
2753737,100880
2071069,102366
1943297,105495
1912497,102783
2052919,102395
2054403,107046
2054211,93135
2749958,102209
2049076,950043
2268711,115147
1950661,101353
2077896,954816
2049881,115456
2067444,100729
2757761,114433
1921409,102684
1929462,101011
2753764,91954
1932550,2159260
2117910,1086657
2208549,951509
1945708,108292
2773175,103437
1939329,106178
1922215,93447
2387679,93282
1919634,91963
2068750,95285
1925745,952494
1950375,103563
1943522,96674
599632,96600
2109951,113973
2748193,102217
1946774,94085
2385948,112432
2064154,111111
2067757,102571
2071878,101954
369800,99047
2111627,1895475
2086908,101548
2202802,101796
364507,2683693
2217041,106151
1951555,97756
2084004,1090213
2055120,92208
1927969,106425
600053,103291
2067639,1091043
1943335,95882
2252662,2685637
2077796,953530
1917830,103552
2252274,106367
2773162,99853
1915005,950065
2271360,113390
2124161,1083275
361496,115692
284688,105382
2122246,105435
2115430,104181
2088463,96155
2116439,958108
1949733,102275
1947587,109288
369617,952400
1917610,103986
2749929,99853
1935273,110994
2259902,111075
2682940,953607
2053529,2012695
2258352,95145
2259086,114104
1950190,1087805
1917541,1858703
1940967,111686
2087730,1090876
2069822,96732
1942416,100311
2203592,2685427
2055133,955024
1920348,95676
2112398,113842
1947970,953804
2051189,2012705
1926943,96416
2199185,1089599
1931784,104594
2066210,954518
2055964,100433
1945570,105209
2071031,958162
2268068,102659
1949254,104677
2194098,101311
584300,95276
2060785,106513
2102692,113751
1939344,110857
2194105,2683706
2200566,948594
1947688,1888801
1941997,95449
1937476,2683653
2203109,106178
374089,110998
363963,1089629
2194584,97649
2121533,948564
2081874,103888
2386662,105536
2194142,1090654
2118772,104572
1939116,115060
2051618,96484
363033,106100
2069346,104471
2273370,91231
2127386,114950
1918563,99661
283421,93998
2052779,99447
2258636,103944
2081001,955783
2051848,100242
1934783,100061
2117005,950747
2073240,99345
2258619,101356
1947389,950150
2050696,950568
1923036,97040
2200575,953785
2118991,953002
2064862,1163162
2772563,1089430
2270645,952270
1921257,102385
1919613,1090984
2387337,1089477
1947024,94107
2074724,1703389
1917483,98579
2260546,103964
2251806,109265
2114078,99601
2116528,91928
1923815,105764
1938657,114457
2081512,101467
2791139,97696
2118532,110733
363880,958516
1920090,108681
1950219,98421
599938,95321
2055844,952660
1914826,948882
1919528,949041
1917366,1083193
1934571,952016
1923919,102741
2385164,97630
2204120,1719500
2220237,953639
2079933,107399
2204895,951200
1913116,2043579
2069338,101881
361868,98910
1935232,110994
363687,104822
2207563,950065
1950090,100284
2112619,103808
1912491,103902
2384970,100619
2200806,100565
2071145,951886
2124872,95992
284716,104599
370280,102685
2264229,91313
2061301,112891
2270157,97883
1942120,948317
1942122,948317
1924335,1090340
2071504,953606
2386659,99572
1939799,1089648
2386591,953944
1943214,102959
2382448,2146628
284585,952489
2089381,99697
1943138,95604
1918633,98706
2077002,93596
2105773,106586
2270182,101675
2385674,948434
1932060,950193
1946302,1087568
2194609,100550
2116974,113390
366699,102153
1920052,1084316
1922768,2683676
1946541,952032
1914487,106126
1945682,115134
2112517,98275
1915187,102989
2773171,96839
2068266,102156
2052433,101407
1940412,951936
1923928,953111
1935305,1088574
1951053,96989
1944231,104161
2102714,106825
2202900,2682220
2052642,951771
2201210,2682276
1912031,951939
1933482,952986
2132941,2031064
1934704,109092
1946140,949205
1946128,949906
2050750,2012191
2225610,107381
2386711,102343
2268709,106546
2104738,105471
2208724,949482
1946120,949204
2790671,2682231
1926491,95308
1945671,112594
1915874,91665
1937864,1088817
1920818,952219
2077251,953640
2269098,92198
2124865,1086256
1941204,95583
2387902,952689
2114841,1092114
2107240,1091257
2082901,104128
1942410,104855
2071113,97048
2273979,1145534
2252353,100308
1931796,96948
1914988,950065
2258687,103964
2060463,952852
2270888,115640
2061300,106701
379113,101791
363515,104037
1931992,1092007
2381936,949058
2203708,1087220
2068891,93833
2080373,1088553
2272641,90990
1916447,1091945
2201032,115177
365446,97745
2203564,950892
1913121,102569
1945705,951076
2258544,2683726
1950605,101903
2094370,97275
2272660,2684949
1915228,952288
372062,953207
1932069,950193
1942067,100054
2274069,948463
2055975,1089576
379370,958131
2068919,100524
2051382,103236
1949462,95753
1949746,98521
2127859,950112
2055963,98693
2080009,949244
2266562,89690
1916819,101019
2081933,1084114
2775083,2136580
2196773,1864019
2061303,108294
1940042,109422
1914938,1088878
1916839,113890
1946462,104901
2081308,955387
2260526,958585
1950072,100226
1937984,109770
2077628,101467
2051278,1089501
1921430,101959
2132542,952032
1942115,948594
1943567,96176
1939660,948818
2077675,2014973
2077331,2021658
2076886,1087350
2196425,98799
2089156,100565
363114,1088585
1915179,103119
2117690,108292
2086911,101549
1938543,104667
2068638,100196
2386716,96491
2101041,112796
2064855,1088646
2087406,104266
2747587,106570
2052401,91435
1939863,104314
2252392,113441
2121271,1848324
2070651,99111
376157,113553
2069353,97779
2202705,112594
1913617,1088543
2204766,958012
284391,952207
600357,98467
1915811,2682657
1913674,1090188
2063565,1089657
1923920,953134
2087340,2683777
1938094,101434
2208945,107527
1938240,113497
2751050,1859125
1946104,113651
1915327,1090267
2085555,950022
1915452,102992
2258165,1089596
2053164,953461
2053480,2012708
1931795,94849
283687,103182
2199644,101886
2052775,104662
366939,105443
1945924,103998
2094434,98714
2070683,2683978
1942113,948594
2084623,948679
2114976,1091553
1916861,109086
2062034,106546
285083,97708
2194750,2682356
2386595,101888
2053511,2683665
2076913,2029807
2056606,102500
1948497,1090201
2071303,1084059
1947689,115782
2749240,952359
1919983,102842
2068916,99076
2057623,1090212
1915078,105293
2066299,2685885
2119207,953920
1913586,952674
1917757,103793
2758950,105983
2201379,1085924
599865,112794
1935295,111420
1939087,114883
2113977,104266
2200270,96342
375474,104851
584577,1088667
2065957,102521
1942124,948317
2120440,94883
2123733,1146373
1938656,114447
2067866,103538
2077742,98827
2127458,97443
2064293,950673
1942782,107188
1949937,1089571
2066515,91582
2683003,101222
2678944,99007
2382203,115642
2074796,1722460
379355,97319
2050282,1163161
1947329,109160
1938882,1091320
2105455,113344
1932574,101605
1939343,111505
2756647,2683899
1938863,112547
1933687,97769
1949463,100139
2203736,1087208
2386253,106589
364871,115721
2259338,1091311
1924339,103692
2091501,112263
1940073,1873549
2103051,1086258
2074760,2682599
1924333,98363
1949428,103135
369826,104647
2132744,954679
1923793,100333
2068151,92326
2074862,2038150
2049435,948711
2202225,94915
2071711,2029579
2070888,954850
356437,952297
2086788,94270
1933316,1089420
1932350,1088640
2259304,111072
2076487,112437
2748946,106425
367494,105934
1925127,99464
1944987,99878
1922932,99193
2386565,102343
1946967,104204
2260820,89286
2071179,1894591
2774843,953874
2077158,952539
1921397,96034
2065600,102364
1922683,1083212
2194601,110096
283233,102503
284111,96635
2082603,95928
369207,95696
1928238,2024953
2267645,91504
1944399,1726420
1912496,102753
1925389,1086977
2072059,99735
284620,98661
2071029,100485
2120279,114773
2271158,106902
2194821,2685409
1946530,101021
2069103,1091484
363634,96647
365374,950564
2050281,1163158
1952209,952020
1912451,105410
2194130,2144576
2386773,1952586
2387533,100675
2793490,99431
2119521,112139
2081564,104203
1913355,1725343
2055393,952216
2071707,952391
1913843,111685
2386803,104367
364242,109315
368555,97779
2076723,1087116
2081698,95413
584370,1088543
2753615,95882
2270478,1722535
374149,113751
1935017,948082
1940026,949069
2392627,2683986
2204076,2685639
2065824,101353
361836,112445
2678671,102687
2118841,2031059
1950116,105958
2229651,113442
1935276,110926
2708088,107180
2091891,108411
1943530,952593
2268496,97065
1912326,99869
2199980,100514
1943258,101091
600354,1091500
1950704,96362
1923841,100380
1940997,112124
2116978,948594
1915957,950517
1920694,97583
1941165,99502
1926944,96758
1941697,91833
1941958,100198
2054239,98696
2386474,103848
1938314,1091287
2089112,104975
1923842,100380
1915120,1090539
1925804,958521
2772269,91464
1931969,99467
1943278,99392
2393200,1163192
1916938,98391
1918923,105658
1915457,98491
2080322,1088613
2059188,112695
2204011,103799
2067281,1084137
2262412,106306
2225357,109465
600432,105497
1945712,113441
1941620,105001
2260529,952320
2052845,104354
2070375,92175
2682883,1090767
364331,101520
2127666,1725341
599831,102647
2196018,1086854
1920567,101508
284937,952077
2127747,1087347
371153,113742
2109534,112594
2200475,2685413
2071489,103290
1938498,109032
2070739,95758
2269456,1089429
369336,104964
1923328,111395
2252899,105117
1940040,109422
2708038,104976
361839,107188
1912344,954492
1946430,949246
2110138,97225
1945949,101149
372710,107512
2068625,954032
2069888,104408
1915448,958164
2065631,99269
2080237,1088667
1924636,1162351
2387718,103897
2103975,1088667
2751043,98487
1917701,92705
2065024,99813
1938008,1085972
2110131,112434
1932072,951186
1935636,951043
600025,93998
1916344,103344
2127672,101509
2204110,106732
2068149,93527
2084005,1090670
2059902,951685
2068650,92385
1912498,103910
2195157,1090258
2121053,2685228
2387758,98032
1943322,98115
2386623,98795
1932217,97185
2050773,112434
2253662,2159314
2072506,2684868
364626,104590
1948008,102423
2772547,105311
2113555,1086976
2054370,107119
1919981,97895
1946558,99378
1917934,952484
2082490,954196
2093193,97336
2061314,108298
2067110,96592
2054309,102536
1951116,2159260
2257767,95784
2200743,950659
2077795,1883971
2258650,95918
283235,97149
2068860,105691
1940391,102649
2268972,1090680
1917612,105178
2266543,90403
1949000,98280
1914550,1884135
374269,99905
2082508,101584
2381892,112689
1940078,1882670
363740,97716
2260856,955652
1921359,101079
2089719,98665
2056274,1094928
2682924,105947
1940338,104103
1926725,1089215
1915730,1088586
2088367,91021
2266528,2684579
2112709,99776
1915193,100418
1940436,113426
2382454,2682216
2392605,97116
1938262,108782
1939636,106872
1926404,1091279
283732,114955
2060275,100260
2787411,98608
2084927,98007
1943270,105450
2053317,1086912
2675728,100692
2071517,1090772
1932623,2012732
2269265,951112
2132296,1090656
2200571,96889
371578,101407
2069024,94123
2387637,1087015
584383,100445
2268710,112800
1923755,97238
2071009,952636
2068581,954282
2069161,102484
2070719,104909
2090349,104368
2118530,111400
2058015,950676
2120417,953874
2074645,100851
2200286,104405
1933691,952392
2080280,113908
1947991,101822
1920204,1726392
2066284,99147
2071992,102237
2055517,97155
1927907,104076
2090262,104379
2069473,98883
2267581,953876
2071493,1952580
1937482,1091050
1924579,1091017
2060113,98769
1945685,1100267
2118378,100054
1949934,953698
1914672,104981
2055078,2685989
2060112,98769
1942033,1089571
1944988,99878
1944707,953200
2387020,1089574
2054745,104667
2270310,106425
2052907,104212
1917094,103468
366983,2685930
2060359,100279
2194261,1087035
2260730,89490
283290,98870
2384635,951436
368951,98572
2063306,113379
2392541,102169
2057814,115754
1937840,94489
1935333,111421
1919077,94739
2262402,953070
2068647,95862
2215676,1090093
1938442,949487
2102977,1092124
1948946,96978
1948814,107121
284076,102182
2075826,113748
2069382,105928
2197669,954787
373476,106836
2069824,97000
1948357,1088596
2258918,2682661
2087747,102405
2052558,100028
367340,102135
1943139,97602
1938252,115786
283746,93272
1924800,97163
365208,1091077
1945795,949907
1945584,101785
1916083,107986
2120306,114926
361423,1087440
2074854,101879
1917738,99712
1939606,95868
1946983,104779
1914692,953839
2122441,105171
2391701,97154
2053434,1086943
1939170,958103
2116326,951763
1945700,112800
2266607,955497
2393080,113528
1950413,96899
379092,96660
584267,954060
2082028,105563
2057590,111406
2053331,1145526
2392041,948594
2084932,99366
2194744,949088
2779979,102169
2194392,2137873
2387000,100880
2105460,115196
2050632,106825
1941745,954764
2053197,99379
370969,98760
1933460,99140
2103068,103837
2105429,95850
2068972,1091809
2123140,2029571
2117004,948711
2260284,102547
2065548,103128
1942048,958088
1916467,1091946
2051810,100761
2118956,950344
2393129,108429
1913726,107189
2075229,951506
2059735,100492
361650,112445
1946560,99376
1914489,114001
2120101,950649
2080359,114125
2269694,115061
2062669,948334
2104562,97621
2203573,112231
2060265,1083333
2067199,91945
1944230,103338
2060501,95754
2749089,108089
1912984,95787
2058585,1092119
2112696,1091973
2671026,112440
1932267,949945
2196962,1091808
1928024,953201
1918967,103348
282972,96543
1927817,2045340
2069193,954874
1938421,110502
1947721,106711
1915182,103275
2051299,958976
1919454,114704
2392765,1952574
2197014,954267
2089863,958092
2208518,2159319
284232,1088667
2121171,951833
2060216,104773
2119327,1087665
2117911,1086657
2063277,113933
2077705,103885
2200271,113173
2074228,2683826
1940478,107519
2749473,107046
1926089,950936
1921645,2683604
1915227,952288
2050909,113442
2198098,2683629
2113076,111567
362970,101512
2065732,104334
1924047,106665
2197943,2044914
2056059,102099
1942388,109557
1932393,1088542
370622,1088667
2073262,97631
1948175,957991
2063371,113910
2070661,2683666
2758881,954927
2197713,1087658
1942284,102955
1925395,1090532
2111086,2034550
1927205,952554
2111856,115293
1912408,110563
1944431,1088667
2123306,951331
1940071,91565
2067167,93174
2087649,98035
957440,92090
356551,100196
2053281,1087272
2049513,949156
2252277,1727134
1918964,105653
2773232,97701
2194550,1090243
2273815,951889
2199560,954930
2260832,90601
356465,2685930
1941995,95561
1917667,104015
1924973,952826
2052844,96930
2387051,100880
2065110,96792
2122220,2682604
2061559,110708
2062619,949202
1919506,949157
363485,106427
1920852,96490
1935156,112794
2753632,97193
2385673,2685492
1915460,952649
1924686,99486
2220236,953639
2066526,91464
2124830,98099
2260844,90610
2082729,95090
2082101,952812
2049587,948317
1923818,104068
1951580,104945
2208210,953839
2198645,93486
2202926,952238
1947539,1086981
2082785,105151
2082417,90807
2258093,103840
1916918,99000
2086909,97707
2082432,89537
2117424,953857
1913117,1087129
2084821,109441
1917411,952157
2203191,2682387
1914944,1088884
2077175,93511
2258688,101269
2118288,107366
2119457,1086656
2254127,949288
1919982,97895
1940565,101952
2055273,97080
1945698,114061
1925916,111076
2085334,115175
2708251,98475
2107280,104020
1945687,115177
2067556,1084080
2070800,952625
2204077,2685634
2272503,1091811
2081350,954037
1920841,101171
2067643,101715
2268394,2683580
2070181,94628
2070608,102120
1950702,106006
2065707,104402
2052373,1086256
283379,96657
2757997,2683906
2756594,2683906
2683058,2683906
2760175,2683906
2683066,2683906
2054159,954422
2060379,100494
1914609,100485
1918234,953389
1921399,103349
1947661,1088552
2673183,2683899
2680590,1086937
2053741,101913
2083544,2144431
2678784,2683906
2757992,2683906
2753736,2683906
2227445,948679
2760176,2683906
2386641,102604
2678783,2683906
2773241,2683906
2683065,2683906
2194825,2685412
2069538,98600
2078037,98648
2082399,90467
2773238,2683906
1937949,950885
2194080,95933
2088778,97011
2671055,106178
1931948,99112
2067880,96745
2060482,96276
2074808,92344
1925037,100044
2258129,953779
2272676,1083681
368955,105928
2081980,105721
2084788,1852816
2060024,98769
1931775,96232
2082160,951836
2194149,99364
367246,1884033
2102797,91671
2089742,97346
1912495,105557
2114130,1866387
2124840,102904
2194688,2683753
2203540,951484
1951118,105575
2071052,95623
2076356,953043
1939842,103848
2230823,951288
2274268,2684800
2195136,950583
2065225,93565
2751040,103135
363201,112446
2064514,948594
1945701,113019
2094389,1864947
1925077,105863
1950913,114967
2065015,951655
1943287,953607
1919544,949639
2088358,90750
2081952,1084078
283620,1084152
284016,89285
2077473,97172
2105786,98010
2065986,98375
2094378,952569
2070975,958171
2674704,951713
1943572,103836
367336,104536
1949003,103813
2102686,951152
2751213,1089534
2093860,101147
1935311,111416
2747794,98068
2760217,958155
2126833,114500
374665,92386
2387786,100769
2194242,2137858
2387788,100769
2111177,1086250
1920635,100769
2127675,99721
2270104,958514
2076308,108609
2077612,101205
2074594,105263
2066385,104882
2059876,101021
2215685,108413
2194785,2685547
1947291,112833
2111124,1090630
1934421,102654
2203231,114217
2124541,114026
1938450,110500
1946604,2683820
1945670,112699
2053438,2012730
1919618,92107
2085927,115351
2063262,106525
2082253,101797
2384774,952891
2708532,108151
1916930,102145
1916084,107985
372049,105536
2054228,93553
2056590,1884050
2087393,102418
2267394,950921
372038,99584
1916031,92711
2111933,113444
2386669,104367
1950374,104544
2086179,115119
2386556,99012
1950500,103457
363726,102457
957649,954862
2383529,103296
1921445,94186
2197977,101886
2053428,99659
2273707,110502
1925684,105098
2200597,950188
1941876,96880
1949799,98903
2671023,948317
2084939,105177
2060495,101736
2070110,954145
2272413,2682485
2104673,2021658
1949006,104632
2080308,111676
2117930,100054
2054179,92324
372923,105411
1919881,99191
2236812,951442
2097746,108968
2204566,115585
1915469,100248
2084818,112181
2070753,105572
1917552,102444
1945697,111586
2055666,104637
367550,108000
2194721,2685616
1912058,1145070
1922315,105983
2201556,2685551
584319,112165
1925667,103253
2060326,101761
2069433,105963
1925728,101812
2195152,113161
2059836,100256
2122404,105913
2061306,107180
2055968,103006
363995,104061
2075162,115782
1949149,99541
2070720,102946
2383796,113988
2116034,1084197
2124729,1953521
2049857,948954
1938681,951700
2055528,952887
284714,952690
2060063,99365
2118707,99269
1938251,115786
283673,112163
2053373,2012722
1943241,105503
2051739,100841
1949004,101607
2055971,103148
373610,100886
2066456,955217
1943328,100057
1923025,948844
1941926,100896
2794278,96027
2109531,112699
599658,97055
2258689,95918
1940034,951024
1921300,99503
1921306,103367
2071536,100902
2060493,100268
284698,1090982
362276,112429
1912494,96789
2272766,958713
2051323,105059
373044,949924
1933188,954881
1938836,113718
1919932,110069
2386986,97345
363138,104330
1941267,1088547
1944346,92613
2671310,102169
2194608,99507
1913113,95874
2055093,1089216
1927168,96740
2208418,113427
2051950,96790
2115812,2034550
1912724,105568
2260245,2029578
1948959,98096
1928404,94932
2080369,114125
1916186,104010
1924375,101925
1939185,2682559
2194706,106110
2686043,1089528
1939095,109695
957698,92099
2760172,97702
2383566,104329
364520,953896
2068152,93521
372226,1882672
372486,103800
1920164,1858699
2069396,91783
1916322,99485
2055156,91984
2197638,104766
1938968,108416
2069298,952972
2674613,109297
2259608,106648
2194804,2685546
283348,96410
2387162,98490
2081430,1872713
1944700,101442
2121841,115240
2065976,101763
1912078,99299
367104,98871
1932893,109842
2260818,89352
2070020,2024949
1921398,98179
1927195,99658
326923,106355
1912455,92073
2268383,105180
2088742,102397
1915782,97721
2071634,103615
1945505,1091235
2055448,105788
1927719,111350
2120212,953416
2272332,2015019
2220073,2683708
2083595,95860
599827,954564
1943613,104115
283540,95707
1941877,102538
2386821,1100464
2063357,115350
2197732,101585
2049591,113096
2392583,102221
2087281,102588
371606,1894594
2387229,951886
2237033,110592
1921513,953768
1918945,101754
2052554,951777
1917098,952508
1949375,100285
2065393,98310
2755030,102937
2267942,948317
1919953,110025
2070197,954089
1915195,110313
1923645,948645
1917410,952159
283139,97009
2127579,2008104
1913822,110110
599990,98472
1935632,1875930
361462,105840
2065821,1852807
2054160,954421
2749558,2685670
1919228,952980
2683052,98470
361764,102654
2790778,110595
2104982,102044
1941905,953798
2064363,108842
1919633,93241
2117929,100054
2201957,952812
283081,95984
2124733,1953520
2258127,1089417
1950712,100569
2055921,105497
957437,93230
2127757,1087350
2082597,1088179
2194100,103581
1944922,2683898
600375,109866
1948504,1723406
2088486,954462
2077830,94750
1950089,103344
2051596,101828
2089522,104136
2049838,949842
2065454,110080
1945923,103998
2671359,103917
2069055,954878
1932993,97113
1946426,949246
1938660,114672
1926166,109021
2054229,100427
2101406,110807
2194879,950657
2088158,1091866
1917776,1089499
283473,950747
1927144,102194
2076375,106326
2774613,101648
1919988,952445
2077842,1088892
2093068,97152
2071500,99954
1917684,952485
365754,952484
2749275,2682587
2074663,1089430
2053214,953044
2062637,110060
2117457,2685843
2111621,1086258
1916831,115721
284892,114643
2087681,953707
2208624,949980
1912028,104774
2067445,95400
2083942,113258
1945707,115147
2774871,97989
1916980,951709
372077,952784
1938370,1089960
2272414,2682486
2076550,107145
2055439,105293
2054413,107148
2075099,108431
373179,1094410
1951601,98051
2077210,1094956
1944402,1087168
2391976,112440
1924334,954391
1950180,91556
1946979,952059
2051304,97243
2052631,91442
1924445,111232
2386427,950617
2115425,101774
2221183,114401
1942783,109000
2674615,950617
1927578,93687
2059214,114368
2384821,1089648
2385866,113842
1942114,948594
1920845,101171
1914646,97884
2121081,105450
2070472,101673
1917949,95586
1924448,111227
1931770,105721
2051839,97917
1939597,102677
1941684,1088101
2132476,101444
1912022,100383
1925390,99739
1932352,1091269
371889,95566
1935271,110926
2077509,953646
2060350,953644
1944725,102341
1944840,93939
1948047,93605
2123340,950614
2055736,105010
2203760,951706
2054358,103119
2077455,1087014
1924512,102612
368982,1092037
2051223,1087329
2384976,2034917
1945680,1100268
2200144,2136692
1937528,951731
1927680,106704
1935294,111421
2391864,111327
1937970,106304
1949942,106546
2678709,105536
1919095,1089570
2119122,107986
1942065,958516
2748002,109280
2064772,109106
1921330,103025
1938422,110064
2051219,111225
2750590,95995
2118292,948267
1949247,101798
2073298,953532
2080440,1091269
1918763,92079
1915553,108143
1926807,104152
2075112,1092120
1947972,101690
1924532,102715
2066539,95152
1935641,107922
1918641,2682483
1912977,105072
2113989,952299
1925526,954132
363644,104667
285149,101008
2266669,1089848
2773153,96839
2051320,102562
2387356,952000
2751528,103135
1940944,114907
2068708,93415
2065171,1894593
2074591,1092149
283933,104370
2054415,1719993
2194835,2685407
375548,96578
2384169,107196
2089639,105620
1921318,95771
2260350,101022
1949136,97208
2258331,955042
1920214,1090472
2051399,110096
2050333,2028463
1922897,950674
1913057,1852809
1940357,104446
1945681,1727134
2070282,954436
2682933,96384
1940753,111487
2197701,2682297
2055578,97276
2773164,95566
2114886,103978
2754110,1090537
2198112,1086656
1944804,103571
1938706,109987
1938256,108782
1941106,954857
2055928,951724
2199699,1090249
370814,104619
2080510,1088553
2052878,97101
1913608,1088543
361441,104047
2202833,102292
2122802,110855
1947354,103735
1921325,951941
1931937,98298
2127678,1092015
1932602,103604
2065427,1092157
1915198,948843
2772212,97696
1940476,110774
2087446,93185
2274270,2684799
2105717,110064
2116306,98025
2111433,97629
1922887,950662
2070594,98641
2794262,98068
2112660,953896
304539,101650
2208427,1089662
2124050,105181
1938382,1091287
1941990,2683836
1923644,948645
2074807,92842
1943321,96384
2052816,104888
1936429,106519
2065424,953167
372972,113840
2252623,1884018
599942,109069
2090024,1090429
2117006,950747
600173,951917
2194548,954994
2081459,101514
2071621,100095
2384113,2683836
1941799,950233
2078610,98783
1939098,114524
1912898,102104
2204432,1091582
1915125,1090516
2055965,100054
1914695,98905
2065229,95121
2270279,2684212
1921425,951845
2385668,113776
2073787,115175
2050271,1088640
2121226,98870
2384502,110456
1941813,948905
2082213,98867
2067560,953117
2087415,1087396
2200168,98560
2386049,948317
2051408,105686
1932088,111548
2054250,1083380
1923922,953132
2756172,109402
2127750,1087350
2385611,113890
2194524,1091442
2208564,108478
2202157,1089577
2126959,950352
2064513,112434
2079439,100459
2132582,111389
2085971,114113
2068328,94992
1915524,1725669
1942393,951452
1927855,112195
2673320,955079
2194295,1087017
2062881,110540
2053450,1092015
2053395,2012603
2387037,98490
2065018,99047
1942973,104119
2068906,100477
1917640,104688
1948394,1090098
1917077,101673
600009,109974
2076648,111229
2258410,94309
363216,98933
379249,952464
2200492,2157080
1933650,102044
2386639,105987
1924270,102234
2080262,1910633
284385,2157973
1912502,102739
1920212,1090471
2101084,113389
2059686,101021
2053518,2012604
1920093,2682366
2196188,953152
2116447,101619
2127738,2012728
1915810,2682656
2055630,99506
2062880,110608
2062483,950198
1952243,1091714
1915284,1090323
1943320,1952594
2080255,949046
1943332,103036
2780392,103940
2051311,958116
2267308,115122
2208642,949776
2049813,113410
1915192,1726378
2081445,1087272
1945480,98581
1945481,98581
1911997,1726385
2053304,2012712
1927304,98165
2747783,2683964
1924680,98257
2753616,102687
1950597,1719496
2064137,111111
284710,105382
2093535,99059
2067642,101715
1912338,1094197
2274151,113751
1943316,98107
1928853,109866
1946166,93157
1928854,109866
2053531,2012725
1917125,2136785
368316,114082
1941626,105001
2113918,97247
2053383,2014986
2674853,953476
1923450,1087450
2268492,2683593
1915536,1867858
2071605,100894
2082057,952865
2682887,105536
1945703,113123
1940039,109422
1940328,100797
2387357,1089477
1914942,1088880
2082802,100916
2084793,115645
2052490,91442
1917116,105958
2054696,96727
2055395,102006
2084893,101761
2268517,104446
2260502,2682244
2272754,2684092
2384365,111005
2060496,2157478
1927254,105311
2272727,2684199
1932054,108732
2053255,105010
1927476,113442
2063345,106360
2053305,2136689
2111226,1087413
2123211,114030
2053406,2014990
1941011,108841
2111553,108205
2050508,949086
2115903,107124
2775164,102496
2196166,102762
2204842,2685590
2085728,1090322
1931955,99112
2386719,105983
1922686,91290
2260421,1089474
2060543,101743
1951043,104407
1913731,109381
2124101,1083330
374707,108657
2385669,113765
2393332,955042
364726,105552
1934530,93427
2393303,954856
2063981,111101
1944841,93979
1918592,948851
1935239,110928
2063280,115347
2069632,1145521
2380558,113053
1941964,97268
2794164,102875
1915920,1090679
2794034,107119
1924549,96078
2049259,112851
2202826,1083333
1920620,114795
2083578,1090631
1937539,951678
369866,113779
1940615,2684907
1915454,102349
2082833,103880
2258712,97729
1916364,951805
2201573,2682353
2123126,92689
1921414,97023
1923483,102372
1939115,111493
2749463,951114
1946471,952285
1939610,104766
2114977,1091555
1917307,949545
1949953,1091469
2197975,96759
1918927,105471
2757094,952872
1925388,1086977
2051359,111934
2759009,2682650
2051457,98062
1915765,953646
2065425,953830
2052031,97226
2267613,1090107
371103,103808
1920302,954051
283238,105536
1927441,96366
2054639,99284
1919296,104569
2066561,91643
2117369,1089319
2754407,2685545
2077536,1086976
2062865,948403
2071014,100474
2127730,98997
2117057,112679
2114080,958194
2259121,112638
1920083,950979
1944345,92615
2220241,95677
2779038,96847
2200127,102238
2121040,948171
2747761,100362
1937587,106777
2069318,104937
2062051,114061
1914941,1088883
1927979,115642
2068923,100408
1917297,2683700
1943136,95854
2269538,954077
1916846,108189
379072,95606
2065977,98009
2076889,2021647
2678605,952697
1915630,952885
600144,104300
2057459,1884120
2116050,2136579
1946606,2156686
1924110,99147
2751336,107180
2055957,98694
2126801,1087361
2385374,112881
2091050,103344
2053137,98476
370998,105376
1946782,954122
1916889,113827
1919973,102842
2118320,113442
284847,95707
